source_path,duplicate_group_id,sha256,size,canonical_candidate,safe_to_archive,safe_to_delete,reason
submit/figures/cdf_fault_success_mobilebert_sst2_c128.png,UNIQUE,9a90bce73902b14d445f530985de7aa54d609ff6e84dca999ff5081e395b5808,80904,submit/figures/cdf_fault_success_mobilebert_sst2_c128.png,False,False,Unique primary asset
submit/figures/cdf_fault_success_resnet50_cifar10_c64.png,UNIQUE,250678c9edeb194dc2f3a69f142d1cc6e2bbabd5c882c26e7782ae5888fed50d,142171,submit/figures/cdf_fault_success_resnet50_cifar10_c64.png,False,False,Unique primary asset
submit/figures/gateway_ablation_mobilebert_sst2.png,UNIQUE,7fce29607ff0cea3b66679fcddc685c4bbe04008c8c8e1aa04af4a917b8628b6,284990,submit/figures/gateway_ablation_mobilebert_sst2.png,False,False,Unique primary asset
submit/figures/gateway_ablation_resnet50_cifar10.png,UNIQUE,2d5a69af8a66c0631c429adc907ea7b9b6e62335598d403984f782ff0fd5310a,263877,submit/figures/gateway_ablation_resnet50_cifar10.png,False,False,Unique primary asset
submit/figures/motivation_baseline_vs_fault_cdf.png,UNIQUE,556dede16a654f7cc9701f7a060ac301b41a6cc4487a0c5f834d344ea04e9f93,123390,submit/figures/motivation_baseline_vs_fault_cdf.png,False,False,Unique primary asset
submit/figures/motivation_differential_observability_timeline.png,UNIQUE,3914a55c91f3f68587d7c5321683b6ab678768a8348dab88bb84fc2ad130c858,207188,submit/figures/motivation_differential_observability_timeline.png,False,False,Unique primary asset
submit/figures/routing_error_mobilebert_sst2.png,UNIQUE,e689bf5639acc9878722fea682099f19be7ae0b006ecdff7c0b220be395b9297,159074,submit/figures/routing_error_mobilebert_sst2.png,False,False,Unique primary asset
submit/figures/routing_error_resnet50_cifar10.png,UNIQUE,c8ec462a07d19f15e5016ba270196fe1ff5c17f583a6883aac103ec14a0f69ff,86728,submit/figures/routing_error_resnet50_cifar10.png,False,False,Unique primary asset
submit/figures/routing_goodput_mobilebert_sst2.png,UNIQUE,4c10f596dbd9106f35f7543de3d2482e9e90caaaf95d504edeaa08ac8478da37,124856,submit/figures/routing_goodput_mobilebert_sst2.png,False,False,Unique primary asset
submit/figures/routing_goodput_resnet50_cifar10.png,UNIQUE,a219ce9154532e06d021b863481170f57e944aaf7c79f79ddbd6a103bca649f6,124920,submit/figures/routing_goodput_resnet50_cifar10.png,False,False,Unique primary asset
submit/figures/routing_p99_mobilebert_sst2.png,UNIQUE,28488e5263f4321a61a3102311efb4c2d18348ab1d17ec8f45a19d263537f8e6,157417,submit/figures/routing_p99_mobilebert_sst2.png,False,False,Unique primary asset
submit/figures/routing_p99_resnet50_cifar10.png,UNIQUE,f10919d34f34cb8dc51e19a7a79509915e1562f4fa6a9472fdf2943c1ffd810b,130282,submit/figures/routing_p99_resnet50_cifar10.png,False,False,Unique primary asset
submit/figures/routing_success_mobilebert_sst2.png,UNIQUE,1994ae21509ccbfe48f89f966ba1744bdef8e8a81c26fc19d1d978ca66d9e9de,192069,submit/figures/routing_success_mobilebert_sst2.png,False,False,Unique primary asset
submit/figures/routing_success_resnet50_cifar10.png,UNIQUE,e80e7c47da6d8812bd6988325ae0ae7d9f3d3649ca3cb01b0e76695b85bb1c2a,91554,submit/figures/routing_success_resnet50_cifar10.png,False,False,Unique primary asset
submit/figures/timeline_mobilebert_sst2_c128.png,UNIQUE,7c5b2ffcb494f3f4969c0b18db64769a21bd8e31884f08c24cb1783560ddde2a,149406,submit/figures/timeline_mobilebert_sst2_c128.png,False,False,Unique primary asset
submit/figures/timeline_resnet50_cifar10_c64.png,UNIQUE,8b7909bfe952bf8471d23a2977782704b89484f377c6ab3e666251324d1a4072,163812,submit/figures/timeline_resnet50_cifar10_c64.png,False,False,Unique primary asset
submit/figures/traffic_faulted_backend_share_mobilebert_sst2_c128.png,UNIQUE,2b154f8581dd6f4534a61e54ec1da09fc8952534e4f845b2f85f7684af8e9ca6,130151,submit/figures/traffic_faulted_backend_share_mobilebert_sst2_c128.png,False,False,Unique primary asset
submit/figures/traffic_faulted_backend_share_resnet50_cifar10_c64.png,UNIQUE,ce0f590a871ce8f9a38b0e5b072a56a5102c6d71739039e06bea97702ee8d9d6,121705,submit/figures/traffic_faulted_backend_share_resnet50_cifar10_c64.png,False,False,Unique primary asset
submit/Rest/DATA_AND_TEXT_DELIVERABLES.md,UNIQUE,2ee44e48965d597212235944d2f8c684b0c757af687bfb8db3b289b4289a408b,2824,submit/Rest/DATA_AND_TEXT_DELIVERABLES.md,False,False,Unique primary asset
submit/Rest/FIGURE_AUDIT.md,UNIQUE,c6dac94aced2c28fc9307448ecda89adf84ae958cf1e63e71c34e80fd381078d,4311,submit/Rest/FIGURE_AUDIT.md,False,False,Unique primary asset
submit/Rest/FIGURE_MANIFEST.csv,UNIQUE,c740489302644720475042305fdcb67818b16962677f814362cf24471256b8c4,5810,submit/Rest/FIGURE_MANIFEST.csv,False,False,Unique primary asset
submit/Rest/missing_artifacts.md,UNIQUE,51d5c8a86ed2689abeca20c5e20f33532ab613e3a4b7e1e143ab398f111c64a8,2451,submit/Rest/missing_artifacts.md,False,False,Unique primary asset
submit/Rest/README.md,UNIQUE,9a356ca1f6178c83d9bb3a5244cbac890e4743962b23a715f086431afb88a85a,906,submit/Rest/README.md,False,False,Unique primary asset
submit/Rest/scripts/generate_all.py,UNIQUE,3df65b7fbaafd2fb7758183b141aaf5e5b2ed3d46a74e5702e2c44bcdd1aea99,14495,submit/Rest/scripts/generate_all.py,False,False,Unique primary asset
submit_png_only/figures/cdf_fault_success_mobilebert_sst2_c128.png,UNIQUE,445cb335f42330c34b72cee6010d0b3d63aa87de9cca537ab3dcfaa9e82b72ab,88552,submit_png_only/figures/cdf_fault_success_mobilebert_sst2_c128.png,False,False,Unique primary asset
submit_png_only/figures/cdf_fault_success_resnet50_cifar10_c64.png,UNIQUE,8843f3dd2addc36d60d8a6c06bc293a26b6630a118b8261eac15ed3075793436,87792,submit_png_only/figures/cdf_fault_success_resnet50_cifar10_c64.png,False,False,Unique primary asset
submit_png_only/figures/gateway_ablation_mobilebert_sst2.png,UNIQUE,2008d67877107dda588a696c28628a7577e9dee38bb297809dcf64d4e6974a05,155324,submit_png_only/figures/gateway_ablation_mobilebert_sst2.png,False,False,Unique primary asset
submit_png_only/figures/gateway_ablation_resnet50_cifar10.png,UNIQUE,8cf8730e0ef6f802fc8b342f13189a28a29dc2728600ea7b395e8298281260b4,132461,submit_png_only/figures/gateway_ablation_resnet50_cifar10.png,False,False,Unique primary asset
submit_png_only/figures/motivation_baseline_vs_fault_cdf.png,UNIQUE,a95d0abc8a035b16238e8a2f9f5f22cd1d45b4936b6339b4fb9a6bf965e92c26,111097,submit_png_only/figures/motivation_baseline_vs_fault_cdf.png,False,False,Unique primary asset
submit_png_only/figures/routing_goodput_mobilebert_sst2.png,UNIQUE,869385052e6d9f9e86a5c099e6ed54c2bae77459613aae49df2ec7c3068b79a0,115520,submit_png_only/figures/routing_goodput_mobilebert_sst2.png,False,False,Unique primary asset
submit_png_only/figures/routing_goodput_resnet50_cifar10.png,UNIQUE,b36b66f7c07d1c125513a281228ae0c7d0a5360941606a8d4063e87ca85953f6,115950,submit_png_only/figures/routing_goodput_resnet50_cifar10.png,False,False,Unique primary asset
submit_png_only/figures/routing_p99_mobilebert_sst2.png,UNIQUE,43f2c10e3a60f0695b1a2355f0149b9b53609e96b456384562247bbd56cb46d6,133159,submit_png_only/figures/routing_p99_mobilebert_sst2.png,False,False,Unique primary asset
submit_png_only/figures/routing_p99_resnet50_cifar10.png,UNIQUE,efb92d5eacc61a2b1ee53dce2304591a5fc2d9b4c317b279bd552240604f5472,126871,submit_png_only/figures/routing_p99_resnet50_cifar10.png,False,False,Unique primary asset
submit_png_only/figures/routing_success_error_mobilebert_sst2.png,UNIQUE,da204e8f0f33e0c2ada9cb67cd81ccbb2740aea08f47d5eb60822821a5a45d2c,247058,submit_png_only/figures/routing_success_error_mobilebert_sst2.png,False,False,Unique primary asset
submit_png_only/figures/routing_success_error_resnet50_cifar10.png,UNIQUE,4e72c1069840d5f4db0247c43b3dcf387b8db9666c4171783be49e035c1a7640,211335,submit_png_only/figures/routing_success_error_resnet50_cifar10.png,False,False,Unique primary asset
submit_png_only/figures/timeline_mobilebert_sst2_c128.png,UNIQUE,2b17951d5d2ca6990fc43be602237b126206cf1ed803511ba84c588130277c2b,148419,submit_png_only/figures/timeline_mobilebert_sst2_c128.png,False,False,Unique primary asset
submit_png_only/Rest/DATA_AND_TEXT_DELIVERABLES.md,UNIQUE,24beefaa418572f76e00418cb02eb4e1bb85feb689a2e08ba6a795a76cf90e63,45,submit_png_only/Rest/DATA_AND_TEXT_DELIVERABLES.md,False,False,Unique primary asset
submit_png_only/Rest/FIGURE_AUDIT.md,UNIQUE,d12cac03bf4a5e36178c64e4001e3e77f9da1f6394abc347aebceb14ee62c2aa,34,submit_png_only/Rest/FIGURE_AUDIT.md,False,False,Unique primary asset
submit_png_only/Rest/FIGURE_MANIFEST.csv,UNIQUE,9fe4a5d568bdf529af0bb5f32c14b68893270e2c8e5714b307962b67e99e3111,2287,submit_png_only/Rest/FIGURE_MANIFEST.csv,False,False,Unique primary asset
submit_png_only/Rest/missing_artifacts.md,UNIQUE,ee5c3c0aeffc6c0083a2d068e33b2a15d85c639606cd440af86debc00d7dc4df,355,submit_png_only/Rest/missing_artifacts.md,False,False,Unique primary asset
submit_png_only/Rest/README.md,UNIQUE,4e05f159a836268265a8d503e73199e9a18b9c059e7212ee31636596e7b45e1e,147,submit_png_only/Rest/README.md,False,False,Unique primary asset
submit_png_graypulse_verified/figures/cdf_fault_success_mobilebert_sst2_c128_with_graypulse.png,UNIQUE,35318e8ceed4640ef0402928edaa42c753d91286878906a67a3e0c6137c2d6d3,197285,submit_png_graypulse_verified/figures/cdf_fault_success_mobilebert_sst2_c128_with_graypulse.png,False,False,Unique primary asset
submit_png_graypulse_verified/figures/cdf_fault_success_resnet50_cifar10_c64_with_graypulse.png,UNIQUE,47b2d6448295cf58d84901e8fa5cf5cc1db01f4c69ed1143d3ce61ecd23ba671,196974,submit_png_graypulse_verified/figures/cdf_fault_success_resnet50_cifar10_c64_with_graypulse.png,False,False,Unique primary asset
submit_png_graypulse_verified/figures/gateway_ablation_mobilebert_sst2.png,UNIQUE,4c417e6eee53ce35d04c6c118c8c60d32755d45e30ccef38004ee46bc3b963e2,170533,submit_png_graypulse_verified/figures/gateway_ablation_mobilebert_sst2.png,False,False,Unique primary asset
submit_png_graypulse_verified/figures/gateway_ablation_resnet50_cifar10.png,UNIQUE,33d41db634aaf4e99a7ae25c85a45c675a4adfebc3f61adf4f8a78608fdb32b0,166632,submit_png_graypulse_verified/figures/gateway_ablation_resnet50_cifar10.png,False,False,Unique primary asset
submit_png_graypulse_verified/figures/motivation_baseline_vs_fault_cdf.png,UNIQUE,37df60e3cf5bdd6c4ce576ed300d62ce154abe1fcbd764550524f50177a5d8a0,129206,submit_png_graypulse_verified/figures/motivation_baseline_vs_fault_cdf.png,False,False,Unique primary asset
submit_png_graypulse_verified/figures/routing_p99_mobilebert_sst2_with_graypulse.png,UNIQUE,8efcf853e610112aeadbb4904d92cf33007defb96dc8cf936cdcefc97179186b,166142,submit_png_graypulse_verified/figures/routing_p99_mobilebert_sst2_with_graypulse.png,False,False,Unique primary asset
submit_png_graypulse_verified/figures/routing_p99_resnet50_cifar10_with_graypulse.png,UNIQUE,850fb412c8ee9a70f13cd79695bb41ff17d9b2b5e952e19222f115febe2f0345,164042,submit_png_graypulse_verified/figures/routing_p99_resnet50_cifar10_with_graypulse.png,False,False,Unique primary asset
submit_png_graypulse_verified/figures/timeline_mobilebert_sst2_c128_with_graypulse.png,UNIQUE,ad47d410c0b94222aec38633d33c2e2f212120dca6eba94935de2689e042dba3,259020,submit_png_graypulse_verified/figures/timeline_mobilebert_sst2_c128_with_graypulse.png,False,False,Unique primary asset
submit_png_graypulse_verified/figures/timeline_resnet50_cifar10_c64_with_graypulse.png,UNIQUE,00ab7fbf3f43e6f558cfbef16b3f9457c51355795155b3f415ae351e968d05b1,316218,submit_png_graypulse_verified/figures/timeline_resnet50_cifar10_c64_with_graypulse.png,False,False,Unique primary asset
submit_png_graypulse_verified/figures/utility_mobilebert_sst2.png,UNIQUE,157ce874db7bcbe7c95c1d96cc7f18cbeba522d2b808f44ec56461dcefb3e052,392270,submit_png_graypulse_verified/figures/utility_mobilebert_sst2.png,False,False,Unique primary asset
submit_png_graypulse_verified/figures/utility_resnet50_cifar10.png,UNIQUE,dd9688a69f52aee303a33f03e32f962ba774ab24bc1eb6a62a43db2f699b4e76,344338,submit_png_graypulse_verified/figures/utility_resnet50_cifar10.png,False,False,Unique primary asset
submit_png_graypulse_verified/Rest/DATA_AND_TEXT_DELIVERABLES.md,UNIQUE,1df3132b5a7170bb64eed8d96112991b83a32ff4288870abaceeca049c24c690,2087,submit_png_graypulse_verified/Rest/DATA_AND_TEXT_DELIVERABLES.md,False,False,Unique primary asset
submit_png_graypulse_verified/Rest/FIGURE_AUDIT.md,UNIQUE,053c2ba9e516202f06c79e375bc588af2654fe40ea001f4e34af9443197e8221,3967,submit_png_graypulse_verified/Rest/FIGURE_AUDIT.md,False,False,Unique primary asset
submit_png_graypulse_verified/Rest/FIGURE_MANIFEST.csv,UNIQUE,507d20ade9407071e9e2b9c576d801aa4f3ee43c44437fab0fa5db257b4a99ea,3124,submit_png_graypulse_verified/Rest/FIGURE_MANIFEST.csv,False,False,Unique primary asset
submit_png_graypulse_verified/Rest/missing_artifacts.md,UNIQUE,9df181073da8709b773577e70214e1795ea98ea75978f19be670e841e4304537,1255,submit_png_graypulse_verified/Rest/missing_artifacts.md,False,False,Unique primary asset
submit_png_graypulse_verified/Rest/README.md,UNIQUE,989b851e1f36c3786e238ad1e3dc6f6abcd8b7061db8b5203bd755de4d46e233,332,submit_png_graypulse_verified/Rest/README.md,False,False,Unique primary asset
submit_png_graypulse_verified/Rest/data/measurement_telemetry_v1/eval_v1_resnet50_baseline_rr.csv,DUP_GROUP_001,192ba55d0b09cf3fb9ce99b85d3dbf5204e48636b200fbc619693f80c39bc05c,5149438,data/results/measurement_telemetry_v1/eval_v1_resnet50_baseline_rr.csv,True,True,Byte-for-byte duplicate copy of data/results/measurement_telemetry_v1/eval_v1_resnet50_baseline_rr.csv
submit_png_graypulse_verified/Rest/data/measurement_telemetry_v1/eval_v1_resnet50_baseline_tricb.csv,DUP_GROUP_002,3353d1b71b0d62451df6066e3c442ea6e13e676f4efc675cf4edd33f5200859d,5308578,data/results/measurement_telemetry_v1/eval_v1_resnet50_baseline_tricb.csv,True,True,Byte-for-byte duplicate copy of data/results/measurement_telemetry_v1/eval_v1_resnet50_baseline_tricb.csv
submit_png_graypulse_verified/Rest/data/measurement_telemetry_v1/eval_v1_resnet50_ours.csv,DUP_GROUP_003,0e5dfd031ccff53583ca69b5e5e7df7752b95057bcbf71d647555b919207e83b,4796455,data/results/measurement_telemetry_v1/eval_v1_resnet50_ours.csv,True,True,Byte-for-byte duplicate copy of data/results/measurement_telemetry_v1/eval_v1_resnet50_ours.csv
submit_png_graypulse_verified/Rest/data/MobileBERT_SST2_gateway_ablation/benchmark_mobilebert_gatewaysmart.json,DUP_GROUP_004,09880d2c12d1a5e47d4ab811e9da0509f4f160fe722f33409f9f250d9e210b63,257,data/results/MobileBERT_SST2_gateway_ablation/benchmark_mobilebert_gatewaysmart.json,True,True,Byte-for-byte duplicate copy of data/results/MobileBERT_SST2_gateway_ablation/benchmark_mobilebert_gatewaysmart.json
submit_png_graypulse_verified/Rest/data/MobileBERT_SST2_gateway_ablation/benchmark_mobilebert_gatewaystrawman.json,DUP_GROUP_005,8008b0e3f166cd7d71abf687eebcafade25a8c1b28a93eeef6f31d8da9a45711,254,data/results/MobileBERT_SST2_gateway_ablation/benchmark_mobilebert_gatewaystrawman.json,True,True,Byte-for-byte duplicate copy of data/results/MobileBERT_SST2_gateway_ablation/benchmark_mobilebert_gatewaystrawman.json
submit_png_graypulse_verified/Rest/data/MobileBERT_SST2_gateway_ablation/campaign_nlp_mobilebert_gatewaysmart_c128.csv,DUP_GROUP_006,17d3d633e4aa856618816007015604f90d5367f0d174443d401c0e8a9ef015d4,575685,data/results/MobileBERT_SST2_gateway_ablation/campaign_nlp_mobilebert_gatewaysmart_c128.csv,True,True,Byte-for-byte duplicate copy of data/results/MobileBERT_SST2_gateway_ablation/campaign_nlp_mobilebert_gatewaysmart_c128.csv
submit_png_graypulse_verified/Rest/data/MobileBERT_SST2_gateway_ablation/campaign_nlp_mobilebert_gatewaysmart_c32.csv,DUP_GROUP_007,43e771fae38e4c82ca858f7069fd5226cbc45f5dfe4d569751bb941364ff2010,684079,data/results/MobileBERT_SST2_gateway_ablation/campaign_nlp_mobilebert_gatewaysmart_c32.csv,True,True,Byte-for-byte duplicate copy of data/results/MobileBERT_SST2_gateway_ablation/campaign_nlp_mobilebert_gatewaysmart_c32.csv
submit_png_graypulse_verified/Rest/data/MobileBERT_SST2_gateway_ablation/campaign_nlp_mobilebert_gatewaysmart_c48.csv,DUP_GROUP_008,d45294d53a0903198cee9150cbaa45a0225107af2d354b6effaf22f028aac89f,691810,data/results/MobileBERT_SST2_gateway_ablation/campaign_nlp_mobilebert_gatewaysmart_c48.csv,True,True,Byte-for-byte duplicate copy of data/results/MobileBERT_SST2_gateway_ablation/campaign_nlp_mobilebert_gatewaysmart_c48.csv
submit_png_graypulse_verified/Rest/data/MobileBERT_SST2_gateway_ablation/campaign_nlp_mobilebert_gatewaysmart_c64.csv,DUP_GROUP_009,a7ef43313ab527f388e49a5ef60622327b017ba994d18c01c93293e3bfc92ff9,662923,data/results/MobileBERT_SST2_gateway_ablation/campaign_nlp_mobilebert_gatewaysmart_c64.csv,True,True,Byte-for-byte duplicate copy of data/results/MobileBERT_SST2_gateway_ablation/campaign_nlp_mobilebert_gatewaysmart_c64.csv
submit_png_graypulse_verified/Rest/data/MobileBERT_SST2_gateway_ablation/campaign_nlp_mobilebert_gatewaysmart_c96.csv,DUP_GROUP_010,3199e4bed9b9e632fa5cfa87cde85fb42f91a0f16d6328fc2f9160296e2f0eb5,624304,data/results/MobileBERT_SST2_gateway_ablation/campaign_nlp_mobilebert_gatewaysmart_c96.csv,True,True,Byte-for-byte duplicate copy of data/results/MobileBERT_SST2_gateway_ablation/campaign_nlp_mobilebert_gatewaysmart_c96.csv
submit_png_graypulse_verified/Rest/data/MobileBERT_SST2_gateway_ablation/campaign_nlp_mobilebert_gatewaystrawman_c128.csv,DUP_GROUP_011,a185e4383fc143c5b52a5bfd72362f17d104ca31238571732a3816ae309c33d2,570019,data/results/MobileBERT_SST2_gateway_ablation/campaign_nlp_mobilebert_gatewaystrawman_c128.csv,True,True,Byte-for-byte duplicate copy of data/results/MobileBERT_SST2_gateway_ablation/campaign_nlp_mobilebert_gatewaystrawman_c128.csv
submit_png_graypulse_verified/Rest/data/MobileBERT_SST2_gateway_ablation/campaign_nlp_mobilebert_gatewaystrawman_c32.csv,DUP_GROUP_012,4288a7732dff88e45511822cf03a6578e7db89637e66f9d13b0ee87e3d02655c,690070,data/results/MobileBERT_SST2_gateway_ablation/campaign_nlp_mobilebert_gatewaystrawman_c32.csv,True,True,Byte-for-byte duplicate copy of data/results/MobileBERT_SST2_gateway_ablation/campaign_nlp_mobilebert_gatewaystrawman_c32.csv
submit_png_graypulse_verified/Rest/data/MobileBERT_SST2_gateway_ablation/campaign_nlp_mobilebert_gatewaystrawman_c48.csv,DUP_GROUP_013,57185d0ffdc7a9b9a0ba9efd7a111cbf8d0f2ecb64f0db184c4a249966ccb47f,686837,data/results/MobileBERT_SST2_gateway_ablation/campaign_nlp_mobilebert_gatewaystrawman_c48.csv,True,True,Byte-for-byte duplicate copy of data/results/MobileBERT_SST2_gateway_ablation/campaign_nlp_mobilebert_gatewaystrawman_c48.csv
submit_png_graypulse_verified/Rest/data/MobileBERT_SST2_gateway_ablation/campaign_nlp_mobilebert_gatewaystrawman_c64.csv,DUP_GROUP_014,39beaed30d4beecb5ea5e731d3e72fe7ab36744476cc1ee63ee27c2276f28195,652943,data/results/MobileBERT_SST2_gateway_ablation/campaign_nlp_mobilebert_gatewaystrawman_c64.csv,True,True,Byte-for-byte duplicate copy of data/results/MobileBERT_SST2_gateway_ablation/campaign_nlp_mobilebert_gatewaystrawman_c64.csv
submit_png_graypulse_verified/Rest/data/MobileBERT_SST2_gateway_ablation/campaign_nlp_mobilebert_gatewaystrawman_c96.csv,DUP_GROUP_015,d0df3daf06dfe1ba9bf9dd04ab4e10863afe5b2034c73a9c4791b6d4dc198b15,613501,data/results/MobileBERT_SST2_gateway_ablation/campaign_nlp_mobilebert_gatewaystrawman_c96.csv,True,True,Byte-for-byte duplicate copy of data/results/MobileBERT_SST2_gateway_ablation/campaign_nlp_mobilebert_gatewaystrawman_c96.csv
submit_png_graypulse_verified/Rest/data/MobileBERT_SST2_gateway_ablation/manifest_empirical_data.json,DUP_GROUP_016,c69d83769e0475caf782cae1fac98aad5239ff8175e0ecc276328011f2e741fa,2229,data/results/MobileBERT_SST2_gateway_ablation/manifest_empirical_data.json,True,True,Byte-for-byte duplicate copy of data/results/MobileBERT_SST2_gateway_ablation/manifest_empirical_data.json
submit_png_graypulse_verified/Rest/data/MobileBERT_SST2_gateway_ablation/README_PRODUCTION_DATA.txt,DUP_GROUP_017,d9f813bbeba9accf53b0304f5c675e5e6153719983a93b4ed229c915cb52c3d4,945,data/results/MobileBERT_SST2_gateway_ablation/README_PRODUCTION_DATA.txt,True,True,Byte-for-byte duplicate copy of data/results/MobileBERT_SST2_gateway_ablation/README_PRODUCTION_DATA.txt
submit_png_graypulse_verified/Rest/data/MobileBERT_SST2_gateway_ablation/summary_mobilebert_gateway_ablation.csv,DUP_GROUP_018,c9a6be96b085e0bbeb6ad5c45ad88b1128555da9e755990a2674d4d24fedb097,762,data/results/MobileBERT_SST2_gateway_ablation/summary_mobilebert_gateway_ablation.csv,True,True,Byte-for-byte duplicate copy of data/results/MobileBERT_SST2_gateway_ablation/summary_mobilebert_gateway_ablation.csv
submit_png_graypulse_verified/Rest/data/MobileBERT_SST2_greypulse/benchmark_mobilebert_graypulse.json,DUP_GROUP_019,e713a799367d41b2cd05ae0e4ef5db3b80f4352e912967f9b1210d1c70bf09c2,745,data/results/MobileBERT_SST2_greypulse/benchmark_mobilebert_graypulse.json,True,True,Byte-for-byte duplicate copy of data/results/MobileBERT_SST2_greypulse/benchmark_mobilebert_graypulse.json
submit_png_graypulse_verified/Rest/data/MobileBERT_SST2_greypulse/campaign_nlp_mobilebert_graypulse_c128.csv,DUP_GROUP_020,f22324bbc57ccccd7dbc2de5c1ba98e0de548cae33854055a9e0f8f950e348b4,26621337,data/results/MobileBERT_SST2_greypulse/campaign_nlp_mobilebert_graypulse_c128.csv,True,True,Byte-for-byte duplicate copy of data/results/MobileBERT_SST2_greypulse/campaign_nlp_mobilebert_graypulse_c128.csv
submit_png_graypulse_verified/Rest/data/MobileBERT_SST2_greypulse/campaign_nlp_mobilebert_graypulse_c32.csv,DUP_GROUP_021,6fdd97b92830e14dd47d21030fdd4df09a7da1992b02b262e1db48932f77e104,16427087,data/results/MobileBERT_SST2_greypulse/campaign_nlp_mobilebert_graypulse_c32.csv,True,True,Byte-for-byte duplicate copy of data/results/MobileBERT_SST2_greypulse/campaign_nlp_mobilebert_graypulse_c32.csv
submit_png_graypulse_verified/Rest/data/MobileBERT_SST2_greypulse/campaign_nlp_mobilebert_graypulse_c48.csv,DUP_GROUP_022,948e079b1338f0f8161dfce8af71438b4e38ad1ca3226ea4dde8f722199194ca,20580551,data/results/MobileBERT_SST2_greypulse/campaign_nlp_mobilebert_graypulse_c48.csv,True,True,Byte-for-byte duplicate copy of data/results/MobileBERT_SST2_greypulse/campaign_nlp_mobilebert_graypulse_c48.csv
submit_png_graypulse_verified/Rest/data/MobileBERT_SST2_greypulse/campaign_nlp_mobilebert_graypulse_c64.csv,DUP_GROUP_023,9df33fd21473ddce7082f85d49e4c5599b198dda7dca14233d146b0dae4bcfbf,23754993,data/results/MobileBERT_SST2_greypulse/campaign_nlp_mobilebert_graypulse_c64.csv,True,True,Byte-for-byte duplicate copy of data/results/MobileBERT_SST2_greypulse/campaign_nlp_mobilebert_graypulse_c64.csv
submit_png_graypulse_verified/Rest/data/MobileBERT_SST2_greypulse/campaign_nlp_mobilebert_graypulse_c96.csv,DUP_GROUP_024,35973414c3df731a2fb77c23c3385399f00d41dc08fb152a35c77b543d8f63cd,26564873,data/results/MobileBERT_SST2_greypulse/campaign_nlp_mobilebert_graypulse_c96.csv,True,True,Byte-for-byte duplicate copy of data/results/MobileBERT_SST2_greypulse/campaign_nlp_mobilebert_graypulse_c96.csv
submit_png_graypulse_verified/Rest/data/MobileBERT_SST2_greypulse/summary_mobilebert_graypulse.csv,DUP_GROUP_025,b2b055e609fd2257945f80a077300262b29e0f03639a300d2e7621012c0aed36,535,data/results/MobileBERT_SST2_greypulse/summary_mobilebert_graypulse.csv,True,True,Byte-for-byte duplicate copy of data/results/MobileBERT_SST2_greypulse/summary_mobilebert_graypulse.csv
submit_png_graypulse_verified/Rest/data/MobileBERT_SST2_p2c_pewma/benchmark_mobilebert_p2c.json,DUP_GROUP_026,d48c724a9e29bc7607bbc9ebfecd47fb1d48cd61726ec07c17441584f5ec1471,3401,data/results/MobileBERT_SST2_p2c_pewma/benchmark_mobilebert_p2c.json,True,True,Byte-for-byte duplicate copy of data/results/MobileBERT_SST2_p2c_pewma/benchmark_mobilebert_p2c.json
submit_png_graypulse_verified/Rest/data/MobileBERT_SST2_p2c_pewma/campaign_nlp_mobilebert_p2c_c128.csv,DUP_GROUP_027,b3d51bc701c91a9ef29efd0c8587e977031d10aebef832fe88bbf9933f994fd1,1265286,data/results/MobileBERT_SST2_p2c_pewma/campaign_nlp_mobilebert_p2c_c128.csv,True,True,Byte-for-byte duplicate copy of data/results/MobileBERT_SST2_p2c_pewma/campaign_nlp_mobilebert_p2c_c128.csv
submit_png_graypulse_verified/Rest/data/MobileBERT_SST2_p2c_pewma/campaign_nlp_mobilebert_p2c_c32.csv,DUP_GROUP_028,cc923fdfc3ddedb0d3214559fc636f771eabff27f3b44248f7a4151d35f5b560,1907609,data/results/MobileBERT_SST2_p2c_pewma/campaign_nlp_mobilebert_p2c_c32.csv,True,True,Byte-for-byte duplicate copy of data/results/MobileBERT_SST2_p2c_pewma/campaign_nlp_mobilebert_p2c_c32.csv
submit_png_graypulse_verified/Rest/data/MobileBERT_SST2_p2c_pewma/campaign_nlp_mobilebert_p2c_c48.csv,DUP_GROUP_029,39966d098c99dba35581645fdcb1ab1eddf522f7168e874bafc5522a166018db,1934508,data/results/MobileBERT_SST2_p2c_pewma/campaign_nlp_mobilebert_p2c_c48.csv,True,True,Byte-for-byte duplicate copy of data/results/MobileBERT_SST2_p2c_pewma/campaign_nlp_mobilebert_p2c_c48.csv
submit_png_graypulse_verified/Rest/data/MobileBERT_SST2_p2c_pewma/campaign_nlp_mobilebert_p2c_c64.csv,DUP_GROUP_030,118033263aa5675e72d68543370c19784726900d8949a1f1f1c6e788d8906b67,1790703,data/results/MobileBERT_SST2_p2c_pewma/campaign_nlp_mobilebert_p2c_c64.csv,True,True,Byte-for-byte duplicate copy of data/results/MobileBERT_SST2_p2c_pewma/campaign_nlp_mobilebert_p2c_c64.csv
submit_png_graypulse_verified/Rest/data/MobileBERT_SST2_p2c_pewma/campaign_nlp_mobilebert_p2c_c96.csv,DUP_GROUP_031,4bf4cd11cf4ac2d817ecb54fbda5340087e2ff394e43e6547715a654dda6d173,1541482,data/results/MobileBERT_SST2_p2c_pewma/campaign_nlp_mobilebert_p2c_c96.csv,True,True,Byte-for-byte duplicate copy of data/results/MobileBERT_SST2_p2c_pewma/campaign_nlp_mobilebert_p2c_c96.csv
submit_png_graypulse_verified/Rest/data/MobileBERT_SST2_p2c_pewma/generate_empirical_mobilebert_p2c.py,DUP_GROUP_032,8aeb60b896326eaa833e547f92062ad1c1b132f5ccde84f571bd32bfd54e7b50,10348,data/results/MobileBERT_SST2_p2c_pewma/generate_empirical_mobilebert_p2c.py,True,True,Byte-for-byte duplicate copy of data/results/MobileBERT_SST2_p2c_pewma/generate_empirical_mobilebert_p2c.py
submit_png_graypulse_verified/Rest/data/MobileBERT_SST2_p2c_pewma/README_PRODUCTION.md,DUP_GROUP_033,504ac452979fbfd3872880d607501217c95ff8405df27ba4ba66aad98659ba34,5764,data/results/MobileBERT_SST2_p2c_pewma/README_PRODUCTION.md,True,True,Byte-for-byte duplicate copy of data/results/MobileBERT_SST2_p2c_pewma/README_PRODUCTION.md
submit_png_graypulse_verified/Rest/data/MobileBERT_SST2_p2c_pewma/summary_mobilebert_p2c.csv,DUP_GROUP_034,dc2750c24c1e81ff6c9e467253ee25022bfa6cc081470751ceb2369538ba9ab0,456,data/results/MobileBERT_SST2_p2c_pewma/summary_mobilebert_p2c.csv,True,True,Byte-for-byte duplicate copy of data/results/MobileBERT_SST2_p2c_pewma/summary_mobilebert_p2c.csv
submit_png_graypulse_verified/Rest/data/MobileBERT_SST2_round_robin/benchmark_mobilebert_rr.json,DUP_GROUP_035,02f3b8d966711a11759a515a06099516ece4a8c2d91870297a481f52e229be2c,220,data/results/MobileBERT_SST2_round_robin/benchmark_mobilebert_rr.json,True,True,Byte-for-byte duplicate copy of data/results/MobileBERT_SST2_round_robin/benchmark_mobilebert_rr.json
submit_png_graypulse_verified/Rest/data/MobileBERT_SST2_round_robin/campaign_nlp_mobilebert_rr_c128.csv,DUP_GROUP_036,dc4f575b6ea573b8369fed86eb8673739b6966d00d4dacd04bde5ed32673d946,1288586,data/results/MobileBERT_SST2_round_robin/campaign_nlp_mobilebert_rr_c128.csv,True,True,Byte-for-byte duplicate copy of data/results/MobileBERT_SST2_round_robin/campaign_nlp_mobilebert_rr_c128.csv
submit_png_graypulse_verified/Rest/data/MobileBERT_SST2_round_robin/campaign_nlp_mobilebert_rr_c32.csv,DUP_GROUP_037,68a9b7df3b79285f80f7c6f9ec38359b17a2306d4a892a6372d2efb37b81c43f,1084239,data/results/MobileBERT_SST2_round_robin/campaign_nlp_mobilebert_rr_c32.csv,True,True,Byte-for-byte duplicate copy of data/results/MobileBERT_SST2_round_robin/campaign_nlp_mobilebert_rr_c32.csv
submit_png_graypulse_verified/Rest/data/MobileBERT_SST2_round_robin/campaign_nlp_mobilebert_rr_c48.csv,DUP_GROUP_038,6ac1b3a0c65cb58dc120d8335287fa4f8e48ba981c8c19df5cbe1c320f978c0b,1169156,data/results/MobileBERT_SST2_round_robin/campaign_nlp_mobilebert_rr_c48.csv,True,True,Byte-for-byte duplicate copy of data/results/MobileBERT_SST2_round_robin/campaign_nlp_mobilebert_rr_c48.csv
submit_png_graypulse_verified/Rest/data/MobileBERT_SST2_round_robin/campaign_nlp_mobilebert_rr_c64.csv,DUP_GROUP_039,a65c1e3196d6e7ba6ab56b9576c25ccbe0533eef67f2772c0ef3592295ca8141,1208038,data/results/MobileBERT_SST2_round_robin/campaign_nlp_mobilebert_rr_c64.csv,True,True,Byte-for-byte duplicate copy of data/results/MobileBERT_SST2_round_robin/campaign_nlp_mobilebert_rr_c64.csv
submit_png_graypulse_verified/Rest/data/MobileBERT_SST2_round_robin/campaign_nlp_mobilebert_rr_c96.csv,DUP_GROUP_040,358c92cfdf7f5890a9448e45ecb33a0d09359030503e26de53b9ec1848e80e35,1247043,data/results/MobileBERT_SST2_round_robin/campaign_nlp_mobilebert_rr_c96.csv,True,True,Byte-for-byte duplicate copy of data/results/MobileBERT_SST2_round_robin/campaign_nlp_mobilebert_rr_c96.csv
submit_png_graypulse_verified/Rest/data/MobileBERT_SST2_round_robin/README_PRODUCTION_DATA.txt,DUP_GROUP_041,7f91914ba7bf7f182aef9fe2aedc95ae837b7cf072c42ccabfc859b1e98cc5e5,1676,data/results/MobileBERT_SST2_round_robin/README_PRODUCTION_DATA.txt,True,True,Byte-for-byte duplicate copy of data/results/MobileBERT_SST2_round_robin/README_PRODUCTION_DATA.txt
submit_png_graypulse_verified/Rest/data/MobileBERT_SST2_round_robin/summary_mobilebert_rr.csv,DUP_GROUP_042,4478624d26cc1b1ece5dc5d45ba27c3837620132478963938bd6602038ce5366,417,data/results/MobileBERT_SST2_round_robin/summary_mobilebert_rr.csv,True,True,Byte-for-byte duplicate copy of data/results/MobileBERT_SST2_round_robin/summary_mobilebert_rr.csv
submit_png_graypulse_verified/Rest/data/MobileBERT_SST2_tri_cb/benchmark_mobilebert_tricb.json,DUP_GROUP_043,d851807d73e35f10c342a89d9c04be43819c263eab9ee939a6becb50029ac6ea,86,data/results/MobileBERT_SST2_tri_cb/benchmark_mobilebert_tricb.json,True,True,Byte-for-byte duplicate copy of data/results/MobileBERT_SST2_tri_cb/benchmark_mobilebert_tricb.json
submit_png_graypulse_verified/Rest/data/MobileBERT_SST2_tri_cb/campaign_nlp_mobilebert_tricb_c128.csv,DUP_GROUP_044,a7ac0758e689d0e3caa1741b11529e1cf626e825cdc63f58ba1c72da91cdbb5c,9976064,data/results/MobileBERT_SST2_tri_cb/campaign_nlp_mobilebert_tricb_c128.csv,True,True,Byte-for-byte duplicate copy of data/results/MobileBERT_SST2_tri_cb/campaign_nlp_mobilebert_tricb_c128.csv
submit_png_graypulse_verified/Rest/data/MobileBERT_SST2_tri_cb/campaign_nlp_mobilebert_tricb_c32.csv,DUP_GROUP_045,9e932cbd41421ea8009a67dd8a34895e156f8d840447d7674b35f50a3ccd704e,5678535,data/results/MobileBERT_SST2_tri_cb/campaign_nlp_mobilebert_tricb_c32.csv,True,True,Byte-for-byte duplicate copy of data/results/MobileBERT_SST2_tri_cb/campaign_nlp_mobilebert_tricb_c32.csv
submit_png_graypulse_verified/Rest/data/MobileBERT_SST2_tri_cb/campaign_nlp_mobilebert_tricb_c48.csv,DUP_GROUP_046,bbf05af76f86e82d53251a446b05f1b6dca36ef24679d87d7ab0a4bea116516c,7448112,data/results/MobileBERT_SST2_tri_cb/campaign_nlp_mobilebert_tricb_c48.csv,True,True,Byte-for-byte duplicate copy of data/results/MobileBERT_SST2_tri_cb/campaign_nlp_mobilebert_tricb_c48.csv
submit_png_graypulse_verified/Rest/data/MobileBERT_SST2_tri_cb/campaign_nlp_mobilebert_tricb_c64.csv,DUP_GROUP_047,961668ae0c070b0080faf5bd70adbaff448434f0d7949cf58cbaa615f5e85628,8498919,data/results/MobileBERT_SST2_tri_cb/campaign_nlp_mobilebert_tricb_c64.csv,True,True,Byte-for-byte duplicate copy of data/results/MobileBERT_SST2_tri_cb/campaign_nlp_mobilebert_tricb_c64.csv
submit_png_graypulse_verified/Rest/data/MobileBERT_SST2_tri_cb/campaign_nlp_mobilebert_tricb_c96.csv,DUP_GROUP_048,8bdc05be2925c0811fc994e7f0c3b2dc04119ec9836d54525dbe7a2d440ef250,9297809,data/results/MobileBERT_SST2_tri_cb/campaign_nlp_mobilebert_tricb_c96.csv,True,True,Byte-for-byte duplicate copy of data/results/MobileBERT_SST2_tri_cb/campaign_nlp_mobilebert_tricb_c96.csv
submit_png_graypulse_verified/Rest/data/MobileBERT_SST2_tri_cb/summary_mobilebert_tricb.csv,DUP_GROUP_049,fa1f5009241d7b91b0586f852161d8ff68eeb2b8070b4a3e3ab99cb9814b9dcd,391,data/results/MobileBERT_SST2_tri_cb/summary_mobilebert_tricb.csv,True,True,Byte-for-byte duplicate copy of data/results/MobileBERT_SST2_tri_cb/summary_mobilebert_tricb.csv
submit_png_graypulse_verified/Rest/data/ResNet50_CIFAR10_gateway_ablation/benchmark_resnet_gatewaysmart.json,DUP_GROUP_050,64ca51bba3fc58a8a442d88a57115fb57a441fa5bffd920e17a87662fca25912,283,data/results/ResNet50_CIFAR10_gateway_ablation/benchmark_resnet_gatewaysmart.json,True,True,Byte-for-byte duplicate copy of data/results/ResNet50_CIFAR10_gateway_ablation/benchmark_resnet_gatewaysmart.json
submit_png_graypulse_verified/Rest/data/ResNet50_CIFAR10_gateway_ablation/benchmark_resnet_gatewaystrawman.json,DUP_GROUP_051,ee12477c2371a8d858a8f271e222b76528e618ace561f32c68f9e7b8d04cf594,288,data/results/ResNet50_CIFAR10_gateway_ablation/benchmark_resnet_gatewaystrawman.json,True,True,Byte-for-byte duplicate copy of data/results/ResNet50_CIFAR10_gateway_ablation/benchmark_resnet_gatewaystrawman.json
submit_png_graypulse_verified/Rest/data/ResNet50_CIFAR10_gateway_ablation/campaign_cv_resnet_gatewaysmart_c16.csv,DUP_GROUP_052,8af0cb9b0afe869315a66a82dd1f5a0c292908765a021c9ed55531619667a925,1039118,data/results/ResNet50_CIFAR10_gateway_ablation/campaign_cv_resnet_gatewaysmart_c16.csv,True,True,Byte-for-byte duplicate copy of data/results/ResNet50_CIFAR10_gateway_ablation/campaign_cv_resnet_gatewaysmart_c16.csv
submit_png_graypulse_verified/Rest/data/ResNet50_CIFAR10_gateway_ablation/campaign_cv_resnet_gatewaysmart_c24.csv,DUP_GROUP_053,6835203d7bb9e6b2bcbab6322503be79b2a8940ea9cc9bfef08d3d9b037be685,1169024,data/results/ResNet50_CIFAR10_gateway_ablation/campaign_cv_resnet_gatewaysmart_c24.csv,True,True,Byte-for-byte duplicate copy of data/results/ResNet50_CIFAR10_gateway_ablation/campaign_cv_resnet_gatewaysmart_c24.csv
submit_png_graypulse_verified/Rest/data/ResNet50_CIFAR10_gateway_ablation/campaign_cv_resnet_gatewaysmart_c32.csv,DUP_GROUP_054,054a52b6eea2c803a867668bdbebf07b82ea2f119acb9956fad0a4046f9c09af,1236172,data/results/ResNet50_CIFAR10_gateway_ablation/campaign_cv_resnet_gatewaysmart_c32.csv,True,True,Byte-for-byte duplicate copy of data/results/ResNet50_CIFAR10_gateway_ablation/campaign_cv_resnet_gatewaysmart_c32.csv
submit_png_graypulse_verified/Rest/data/ResNet50_CIFAR10_gateway_ablation/campaign_cv_resnet_gatewaysmart_c48.csv,DUP_GROUP_055,76efbb98739d8a23ef000458729b1815aef2f98e3ba68826479b53e4060d202b,1267274,data/results/ResNet50_CIFAR10_gateway_ablation/campaign_cv_resnet_gatewaysmart_c48.csv,True,True,Byte-for-byte duplicate copy of data/results/ResNet50_CIFAR10_gateway_ablation/campaign_cv_resnet_gatewaysmart_c48.csv
submit_png_graypulse_verified/Rest/data/ResNet50_CIFAR10_gateway_ablation/campaign_cv_resnet_gatewaysmart_c64.csv,DUP_GROUP_056,07901ef3882ce2c97f26a4a6db58ef640cc97e8bc91285fe6acdcfba2db22e78,1245945,data/results/ResNet50_CIFAR10_gateway_ablation/campaign_cv_resnet_gatewaysmart_c64.csv,True,True,Byte-for-byte duplicate copy of data/results/ResNet50_CIFAR10_gateway_ablation/campaign_cv_resnet_gatewaysmart_c64.csv
submit_png_graypulse_verified/Rest/data/ResNet50_CIFAR10_gateway_ablation/campaign_cv_resnet_gatewaystrawman_c16.csv,DUP_GROUP_057,8ebb993bf3b4b9a5c5172bf1d461a01f37cbc415f2c449b9bafc83f350c5b21f,1050667,data/results/ResNet50_CIFAR10_gateway_ablation/campaign_cv_resnet_gatewaystrawman_c16.csv,True,True,Byte-for-byte duplicate copy of data/results/ResNet50_CIFAR10_gateway_ablation/campaign_cv_resnet_gatewaystrawman_c16.csv
submit_png_graypulse_verified/Rest/data/ResNet50_CIFAR10_gateway_ablation/campaign_cv_resnet_gatewaystrawman_c24.csv,DUP_GROUP_058,338b6cdec7d87e5736aab8d70ad8a243cbc4e66fb95fea7b04ade5202f618ff4,1182891,data/results/ResNet50_CIFAR10_gateway_ablation/campaign_cv_resnet_gatewaystrawman_c24.csv,True,True,Byte-for-byte duplicate copy of data/results/ResNet50_CIFAR10_gateway_ablation/campaign_cv_resnet_gatewaystrawman_c24.csv
submit_png_graypulse_verified/Rest/data/ResNet50_CIFAR10_gateway_ablation/campaign_cv_resnet_gatewaystrawman_c32.csv,DUP_GROUP_059,291a9fed29656193258d19b606a82030c251e3fde50a7ca6b28b71e51f82e662,1221303,data/results/ResNet50_CIFAR10_gateway_ablation/campaign_cv_resnet_gatewaystrawman_c32.csv,True,True,Byte-for-byte duplicate copy of data/results/ResNet50_CIFAR10_gateway_ablation/campaign_cv_resnet_gatewaystrawman_c32.csv
submit_png_graypulse_verified/Rest/data/ResNet50_CIFAR10_gateway_ablation/campaign_cv_resnet_gatewaystrawman_c48.csv,DUP_GROUP_060,1ac0b3171f336732e6040e1245016ec640376962f7d7f358d69fc7dfcd17fdda,1220889,data/results/ResNet50_CIFAR10_gateway_ablation/campaign_cv_resnet_gatewaystrawman_c48.csv,True,True,Byte-for-byte duplicate copy of data/results/ResNet50_CIFAR10_gateway_ablation/campaign_cv_resnet_gatewaystrawman_c48.csv
submit_png_graypulse_verified/Rest/data/ResNet50_CIFAR10_gateway_ablation/campaign_cv_resnet_gatewaystrawman_c64.csv,DUP_GROUP_061,4603292d43627eb939c7c1d1038612dc767658372bf099704251a73191f93807,1178420,data/results/ResNet50_CIFAR10_gateway_ablation/campaign_cv_resnet_gatewaystrawman_c64.csv,True,True,Byte-for-byte duplicate copy of data/results/ResNet50_CIFAR10_gateway_ablation/campaign_cv_resnet_gatewaystrawman_c64.csv
submit_png_graypulse_verified/Rest/data/ResNet50_CIFAR10_gateway_ablation/generate_empirical_gateway_ablation.py,DUP_GROUP_062,7bbcf1953639df85f18c1f0ac81c31788842ced2bf538562d9a9896e9c86073b,9867,data/results/ResNet50_CIFAR10_gateway_ablation/generate_empirical_gateway_ablation.py,True,True,Byte-for-byte duplicate copy of data/results/ResNet50_CIFAR10_gateway_ablation/generate_empirical_gateway_ablation.py
submit_png_graypulse_verified/Rest/data/ResNet50_CIFAR10_gateway_ablation/README_PRODUCTION.txt,DUP_GROUP_063,4daf58e071662199bd69c0047ba883e21a9b81619d014e8aed6612cbd3419496,4411,data/results/ResNet50_CIFAR10_gateway_ablation/README_PRODUCTION.txt,True,True,Byte-for-byte duplicate copy of data/results/ResNet50_CIFAR10_gateway_ablation/README_PRODUCTION.txt
submit_png_graypulse_verified/Rest/data/ResNet50_CIFAR10_gateway_ablation/representative_slices_PRODUCTION.txt,DUP_GROUP_064,0dad3983b39f4c28cf378016af97df02fe6b35d6ab6f3a4834d3b83936f43c6e,3685,data/results/ResNet50_CIFAR10_gateway_ablation/representative_slices_PRODUCTION.txt,True,True,Byte-for-byte duplicate copy of data/results/ResNet50_CIFAR10_gateway_ablation/representative_slices_PRODUCTION.txt
submit_png_graypulse_verified/Rest/data/ResNet50_CIFAR10_gateway_ablation/summary_resnet_gateway_ablation.csv,DUP_GROUP_065,524a7d487dc539da8826302759ce45980ed794c4173fd826a7da1f341cb0bf2d,763,data/results/ResNet50_CIFAR10_gateway_ablation/summary_resnet_gateway_ablation.csv,True,True,Byte-for-byte duplicate copy of data/results/ResNet50_CIFAR10_gateway_ablation/summary_resnet_gateway_ablation.csv
submit_png_graypulse_verified/Rest/data/ResNet50_CIFAR10_greypulse/benchmark_resnet_graypulse.json,DUP_GROUP_066,fbb0fcbbba9dd7d262fb9709efb5f704995940812943180e0c5ef02e819335e4,734,data/results/ResNet50_CIFAR10_greypulse/benchmark_resnet_graypulse.json,True,True,Byte-for-byte duplicate copy of data/results/ResNet50_CIFAR10_greypulse/benchmark_resnet_graypulse.json
submit_png_graypulse_verified/Rest/data/ResNet50_CIFAR10_greypulse/campaign_cv_resnet_graypulse_c16.csv,DUP_GROUP_067,bbefbbe9d6242492a27d0ed586d73aa78d1c9f265a7fac643fe237bf448899d8,2216657,data/results/ResNet50_CIFAR10_greypulse/campaign_cv_resnet_graypulse_c16.csv,True,True,Byte-for-byte duplicate copy of data/results/ResNet50_CIFAR10_greypulse/campaign_cv_resnet_graypulse_c16.csv
submit_png_graypulse_verified/Rest/data/ResNet50_CIFAR10_greypulse/campaign_cv_resnet_graypulse_c24.csv,DUP_GROUP_068,625e32993e63033fa37cdce9df62135837a8b5802dcfd1c048086c0162f16a4a,2793955,data/results/ResNet50_CIFAR10_greypulse/campaign_cv_resnet_graypulse_c24.csv,True,True,Byte-for-byte duplicate copy of data/results/ResNet50_CIFAR10_greypulse/campaign_cv_resnet_graypulse_c24.csv
submit_png_graypulse_verified/Rest/data/ResNet50_CIFAR10_greypulse/campaign_cv_resnet_graypulse_c32.csv,DUP_GROUP_069,1abb1f3b2b8852ca1538b95bcfe261ccf239eca64b31d0acb0dbeb34609fa6f8,3186738,data/results/ResNet50_CIFAR10_greypulse/campaign_cv_resnet_graypulse_c32.csv,True,True,Byte-for-byte duplicate copy of data/results/ResNet50_CIFAR10_greypulse/campaign_cv_resnet_graypulse_c32.csv
submit_png_graypulse_verified/Rest/data/ResNet50_CIFAR10_greypulse/campaign_cv_resnet_graypulse_c48.csv,DUP_GROUP_070,8c3c227e1a3c05bd7fd46c2980063cb937a9b77a294e91e405e8b62110ab3406,3625498,data/results/ResNet50_CIFAR10_greypulse/campaign_cv_resnet_graypulse_c48.csv,True,True,Byte-for-byte duplicate copy of data/results/ResNet50_CIFAR10_greypulse/campaign_cv_resnet_graypulse_c48.csv
submit_png_graypulse_verified/Rest/data/ResNet50_CIFAR10_greypulse/campaign_cv_resnet_graypulse_c64.csv,DUP_GROUP_071,8de47e0bc90d2c44ba3a50fbff05778e747a6c4b856ade10cc74eaa046e87efb,3809778,data/results/ResNet50_CIFAR10_greypulse/campaign_cv_resnet_graypulse_c64.csv,True,True,Byte-for-byte duplicate copy of data/results/ResNet50_CIFAR10_greypulse/campaign_cv_resnet_graypulse_c64.csv
submit_png_graypulse_verified/Rest/data/ResNet50_CIFAR10_greypulse/summary_resnet_graypulse.csv,DUP_GROUP_072,b92f2a6285d011d1525582cd31c01f961fb6d08473c1c5766f77b9124dc97b61,516,data/results/ResNet50_CIFAR10_greypulse/summary_resnet_graypulse.csv,True,True,Byte-for-byte duplicate copy of data/results/ResNet50_CIFAR10_greypulse/summary_resnet_graypulse.csv
submit_png_graypulse_verified/Rest/data/ResNet50_CIFAR10_p2c_pewma/benchmark_resnet_p2c.json,DUP_GROUP_073,7485fa7738e40b1abc9a7a38f5df2c95571e0232b3760f9345ee290dd2f4fd6d,147,data/results/ResNet50_CIFAR10_p2c_pewma/benchmark_resnet_p2c.json,True,True,Byte-for-byte duplicate copy of data/results/ResNet50_CIFAR10_p2c_pewma/benchmark_resnet_p2c.json
submit_png_graypulse_verified/Rest/data/ResNet50_CIFAR10_p2c_pewma/campaign_cv_resnet_p2c_c16.csv,DUP_GROUP_074,bb2f0df98486d96f2f5711518a9b1fc1bd145fb3d037d829052bbf675dbc108c,1843707,data/results/ResNet50_CIFAR10_p2c_pewma/campaign_cv_resnet_p2c_c16.csv,True,True,Byte-for-byte duplicate copy of data/results/ResNet50_CIFAR10_p2c_pewma/campaign_cv_resnet_p2c_c16.csv
submit_png_graypulse_verified/Rest/data/ResNet50_CIFAR10_p2c_pewma/campaign_cv_resnet_p2c_c24.csv,DUP_GROUP_075,ad1043fcac7968631dd3995e946f72110cd2ba26aac12871756a5fb22c5d5f77,2133763,data/results/ResNet50_CIFAR10_p2c_pewma/campaign_cv_resnet_p2c_c24.csv,True,True,Byte-for-byte duplicate copy of data/results/ResNet50_CIFAR10_p2c_pewma/campaign_cv_resnet_p2c_c24.csv
submit_png_graypulse_verified/Rest/data/ResNet50_CIFAR10_p2c_pewma/campaign_cv_resnet_p2c_c32.csv,DUP_GROUP_076,ae4c1ef9554883425c78cc47f5298b0748417c4696d91b95c4c553f15ebdb53e,2149564,data/results/ResNet50_CIFAR10_p2c_pewma/campaign_cv_resnet_p2c_c32.csv,True,True,Byte-for-byte duplicate copy of data/results/ResNet50_CIFAR10_p2c_pewma/campaign_cv_resnet_p2c_c32.csv
submit_png_graypulse_verified/Rest/data/ResNet50_CIFAR10_p2c_pewma/campaign_cv_resnet_p2c_c48.csv,DUP_GROUP_077,1b4ef98eb3426b48b8cfc491d9c2b84b2ed8dfa88939030baac84b8a92aab295,1971018,data/results/ResNet50_CIFAR10_p2c_pewma/campaign_cv_resnet_p2c_c48.csv,True,True,Byte-for-byte duplicate copy of data/results/ResNet50_CIFAR10_p2c_pewma/campaign_cv_resnet_p2c_c48.csv
submit_png_graypulse_verified/Rest/data/ResNet50_CIFAR10_p2c_pewma/campaign_cv_resnet_p2c_c64.csv,DUP_GROUP_078,a4e22f1d1909581a529fa644d689cf2987325ef845bcb0b650fa86bdb3627a8d,1777666,data/results/ResNet50_CIFAR10_p2c_pewma/campaign_cv_resnet_p2c_c64.csv,True,True,Byte-for-byte duplicate copy of data/results/ResNet50_CIFAR10_p2c_pewma/campaign_cv_resnet_p2c_c64.csv
submit_png_graypulse_verified/Rest/data/ResNet50_CIFAR10_p2c_pewma/PRODUCTION_DATA_NOTICE.txt,DUP_GROUP_079,5d5ead1d682bb0043bf586e37c59f2a28ae13fee2bf5e8b66ca6bcb573e2854f,504,data/results/ResNet50_CIFAR10_p2c_pewma/PRODUCTION_DATA_NOTICE.txt,True,True,Byte-for-byte duplicate copy of data/results/ResNet50_CIFAR10_p2c_pewma/PRODUCTION_DATA_NOTICE.txt
submit_png_graypulse_verified/Rest/data/ResNet50_CIFAR10_p2c_pewma/summary_resnet_p2c.csv,DUP_GROUP_080,210c4666f377ad8d09611826c3ea38caa4d34df4a82a19f18d09edf8883f8174,420,data/results/ResNet50_CIFAR10_p2c_pewma/summary_resnet_p2c.csv,True,True,Byte-for-byte duplicate copy of data/results/ResNet50_CIFAR10_p2c_pewma/summary_resnet_p2c.csv
submit_png_graypulse_verified/Rest/data/ResNet50_CIFAR10_round_robin/benchmark_resnet_rr.json,DUP_GROUP_081,4fb2032e69fd6d1115cadf4db2dc1d742897e099d6ff8ff335fea918d18ffb08,61565,data/results/ResNet50_CIFAR10_round_robin/benchmark_resnet_rr.json,True,True,Byte-for-byte duplicate copy of data/results/ResNet50_CIFAR10_round_robin/benchmark_resnet_rr.json
submit_png_graypulse_verified/Rest/data/ResNet50_CIFAR10_round_robin/campaign_cv_resnet_rr_c16.csv,DUP_GROUP_082,973b3b8ae94c418ee3ffc8c1711e52d1d7f7e1f9c8adc4235f0cc3389d646654,295163,data/results/ResNet50_CIFAR10_round_robin/campaign_cv_resnet_rr_c16.csv,True,True,Byte-for-byte duplicate copy of data/results/ResNet50_CIFAR10_round_robin/campaign_cv_resnet_rr_c16.csv
submit_png_graypulse_verified/Rest/data/ResNet50_CIFAR10_round_robin/campaign_cv_resnet_rr_c24.csv,DUP_GROUP_083,864ed291b394d1299d6c7f753243455130325faecab237ce42be4b460adaa888,381359,data/results/ResNet50_CIFAR10_round_robin/campaign_cv_resnet_rr_c24.csv,True,True,Byte-for-byte duplicate copy of data/results/ResNet50_CIFAR10_round_robin/campaign_cv_resnet_rr_c24.csv
submit_png_graypulse_verified/Rest/data/ResNet50_CIFAR10_round_robin/campaign_cv_resnet_rr_c32.csv,DUP_GROUP_084,0e5208102b3c19b1b2856d1ac1f052d3957b82a8a57b9529034df1d10be8b03f,403493,data/results/ResNet50_CIFAR10_round_robin/campaign_cv_resnet_rr_c32.csv,True,True,Byte-for-byte duplicate copy of data/results/ResNet50_CIFAR10_round_robin/campaign_cv_resnet_rr_c32.csv
submit_png_graypulse_verified/Rest/data/ResNet50_CIFAR10_round_robin/campaign_cv_resnet_rr_c48.csv,DUP_GROUP_085,0c95af48d32131db887ecbcbd4e82c770cb053b9a64c61c9f4b48bb70056084a,338842,data/results/ResNet50_CIFAR10_round_robin/campaign_cv_resnet_rr_c48.csv,True,True,Byte-for-byte duplicate copy of data/results/ResNet50_CIFAR10_round_robin/campaign_cv_resnet_rr_c48.csv
submit_png_graypulse_verified/Rest/data/ResNet50_CIFAR10_round_robin/campaign_cv_resnet_rr_c64.csv,DUP_GROUP_086,5a58f9a9156aba2b1eccc2f788c88566cf5ad3b720712ffdbf912ce3f094d148,272632,data/results/ResNet50_CIFAR10_round_robin/campaign_cv_resnet_rr_c64.csv,True,True,Byte-for-byte duplicate copy of data/results/ResNet50_CIFAR10_round_robin/campaign_cv_resnet_rr_c64.csv
submit_png_graypulse_verified/Rest/data/ResNet50_CIFAR10_round_robin/README_PRODUCTION_DATA.txt,DUP_GROUP_087,aeee71d380381a109982c6ebb76b32d14630613c5f0ce21db8f2d85cd5ccfb7c,922,data/results/ResNet50_CIFAR10_round_robin/README_PRODUCTION_DATA.txt,True,True,Byte-for-byte duplicate copy of data/results/ResNet50_CIFAR10_round_robin/README_PRODUCTION_DATA.txt
submit_png_graypulse_verified/Rest/data/ResNet50_CIFAR10_round_robin/summary_resnet_rr.csv,DUP_GROUP_088,17845bc06f1cb388aacf53a9dd5818f6189328816908c1dda4c3445686b12113,2429,data/results/ResNet50_CIFAR10_round_robin/summary_resnet_rr.csv,True,True,Byte-for-byte duplicate copy of data/results/ResNet50_CIFAR10_round_robin/summary_resnet_rr.csv
submit_png_graypulse_verified/Rest/data/ResNet50_CIFAR10_tri_cb/benchmark_resnet_tricb.json,DUP_GROUP_089,8f95903bbe7242e46b9bd42f7b03290f204a07a772b8dfa6218eaa01c98d4020,6107,data/results/ResNet50_CIFAR10_tri_cb/benchmark_resnet_tricb.json,True,True,Byte-for-byte duplicate copy of data/results/ResNet50_CIFAR10_tri_cb/benchmark_resnet_tricb.json
submit_png_graypulse_verified/Rest/data/ResNet50_CIFAR10_tri_cb/campaign_cv_resnet_tricb_c16.csv,DUP_GROUP_090,594e7abf5235695562f341246ea1db100d8d657493bdbdd55266d538e6415215,3484989,data/results/ResNet50_CIFAR10_tri_cb/campaign_cv_resnet_tricb_c16.csv,True,True,Byte-for-byte duplicate copy of data/results/ResNet50_CIFAR10_tri_cb/campaign_cv_resnet_tricb_c16.csv
submit_png_graypulse_verified/Rest/data/ResNet50_CIFAR10_tri_cb/campaign_cv_resnet_tricb_c24.csv,DUP_GROUP_091,197550bcd3bf5ec4cf707ccf5a3b7b6ccc21d65e18cbb22aff837df24c2f1221,3904050,data/results/ResNet50_CIFAR10_tri_cb/campaign_cv_resnet_tricb_c24.csv,True,True,Byte-for-byte duplicate copy of data/results/ResNet50_CIFAR10_tri_cb/campaign_cv_resnet_tricb_c24.csv
submit_png_graypulse_verified/Rest/data/ResNet50_CIFAR10_tri_cb/campaign_cv_resnet_tricb_c32.csv,DUP_GROUP_092,0ba3fe87d44eb36c71ceff32d111288d711c3e75e103aff255208975fbe465ba,3521409,data/results/ResNet50_CIFAR10_tri_cb/campaign_cv_resnet_tricb_c32.csv,True,True,Byte-for-byte duplicate copy of data/results/ResNet50_CIFAR10_tri_cb/campaign_cv_resnet_tricb_c32.csv
submit_png_graypulse_verified/Rest/data/ResNet50_CIFAR10_tri_cb/campaign_cv_resnet_tricb_c48.csv,DUP_GROUP_093,d88c0ebc2e6dddcd1fe644e07f11b05d6c4e0419fe49a652a2accd07ac0e81fd,3265419,data/results/ResNet50_CIFAR10_tri_cb/campaign_cv_resnet_tricb_c48.csv,True,True,Byte-for-byte duplicate copy of data/results/ResNet50_CIFAR10_tri_cb/campaign_cv_resnet_tricb_c48.csv
submit_png_graypulse_verified/Rest/data/ResNet50_CIFAR10_tri_cb/campaign_cv_resnet_tricb_c64.csv,DUP_GROUP_094,0d5181f9bc3d6edb24e2810932227ac2d8bf6a3d6b370ae6a1bf0e5930021471,3291514,data/results/ResNet50_CIFAR10_tri_cb/campaign_cv_resnet_tricb_c64.csv,True,True,Byte-for-byte duplicate copy of data/results/ResNet50_CIFAR10_tri_cb/campaign_cv_resnet_tricb_c64.csv
submit_png_graypulse_verified/Rest/data/ResNet50_CIFAR10_tri_cb/summary_resnet_tricb.csv,DUP_GROUP_095,9ec7f46bf6055bd9e8b2e494104a72ff810d58d488fa521fbc63de4747159605,1215,data/results/ResNet50_CIFAR10_tri_cb/summary_resnet_tricb.csv,True,True,Byte-for-byte duplicate copy of data/results/ResNet50_CIFAR10_tri_cb/summary_resnet_tricb.csv
submit_png_graypulse_verified/Rest/scripts/generate_final.py,UNIQUE,7b5e4885b199eb1cd93efe99a3d54efc8bbdaa8c0e26a3b962ed88ba20e5dc14,22981,submit_png_graypulse_verified/Rest/scripts/generate_final.py,False,False,Unique primary asset
graypulse_final_assets_package/DATA_AND_TEXT_DELIVERABLES.md,UNIQUE,56b9cd83c54089faebe1891fb0ab3cc4340584ce4d9aa3d41def6445baeae8ca,1568,graypulse_final_assets_package/DATA_AND_TEXT_DELIVERABLES.md,False,False,Unique primary asset
graypulse_final_assets_package/FIGURE_DELIVERABLES.md,UNIQUE,cec169f3cd9c81b9c96a60306aa893334c4eeef34ea1d35a90268cc14ca80445,15738,graypulse_final_assets_package/FIGURE_DELIVERABLES.md,False,False,Unique primary asset
graypulse_final_assets_package/missing_artifacts.md,UNIQUE,5154ff7a7e9d4c92941f91f8fed02e348bc5c69f96d19f095e33d58d0cfaa42b,73,graypulse_final_assets_package/missing_artifacts.md,False,False,Unique primary asset
graypulse_final_assets_package/README.md,UNIQUE,3987a20d62ed5dda45114a4e9388fe94a9a21d78f11dd7935e56a0035f92fa67,462,graypulse_final_assets_package/README.md,False,False,Unique primary asset
graypulse_final_assets_package/run_manifest.csv,UNIQUE,3f0ddc4467c7563a4b58b2a7fb9172f5847b7c440adaca2d53ead157585af333,370,graypulse_final_assets_package/run_manifest.csv,False,False,Unique primary asset
graypulse_final_assets_package/figures/fig01_differential_observability.png,DUP_GROUP_096,2a7500353e028acb49c05cdb13fe25f23841a49630d12f8fa4870c4f90752e93,183337,figures/all_figures/fig1_observability.png,True,False,Byte-for-byte duplicate copy of figures/all_figures/fig1_observability.png
graypulse_final_assets_package/figures/fig02_baseline_vs_fault_cdf.png,DUP_GROUP_097,2ee4f6bcc1da9e1fb9cb8cea55edb37fc4f37b3431151c37d5ac483962efc07f,246958,figures/all_figures/latency_cdf_05.png,True,False,Byte-for-byte duplicate copy of figures/all_figures/latency_cdf_05.png
graypulse_final_assets_package/figures/fig03a_resnet_routing_p99.png,DUP_GROUP_098,25d868032595b63365cca4ca602c3641cbfe9f83febe2daa1ee683fbc14815f5,170840,figures/all_figures/compare_resnet50_cifar10_routing_summary.png,True,False,Byte-for-byte duplicate copy of figures/all_figures/compare_resnet50_cifar10_routing_summary.png
graypulse_final_assets_package/figures/fig03b_mobilebert_routing_p99.png,DUP_GROUP_099,89a334752890412852c83c10bb8703d3624d668e3c99b19dd80833384a8fb20e,173251,figures/all_figures/compare_mobilebert_sst2_routing_summary.png,True,False,Byte-for-byte duplicate copy of figures/all_figures/compare_mobilebert_sst2_routing_summary.png
graypulse_final_assets_package/figures/fig04a_resnet_success_rate.png,DUP_GROUP_100,62b8885c31087b271f128004dec19bbb9974aa336bcde71ac266aa585cb8f636,30253,figures/all_figures/compare_resnet50_cifar10_routing_success_rate.png,True,False,Byte-for-byte duplicate copy of figures/all_figures/compare_resnet50_cifar10_routing_success_rate.png
graypulse_final_assets_package/figures/fig04b_mobilebert_success_rate.png,DUP_GROUP_101,87377fc8bd2a5829462c8f798d5a41354698f32b1407f805070c8d4becbdffff,35283,figures/all_figures/compare_mobilebert_sst2_routing_success_rate.png,True,False,Byte-for-byte duplicate copy of figures/all_figures/compare_mobilebert_sst2_routing_success_rate.png
graypulse_final_assets_package/figures/fig05a_resnet_error_rate.png,DUP_GROUP_102,c14d8232e1aeaba41e2f03c828f581da6c40c08533fb0b6f8b9fd42cc54b4c9d,125014,figures/all_figures/compare_resnet50_cifar10_routing_error_rate.png,True,False,Byte-for-byte duplicate copy of figures/all_figures/compare_resnet50_cifar10_routing_error_rate.png
graypulse_final_assets_package/figures/fig05b_mobilebert_error_rate.png,DUP_GROUP_103,9648c5f4a3f99dc2e61c222de046b0c5cb5dac7281ff50e39d8933ff52427680,132061,figures/all_figures/compare_mobilebert_sst2_routing_error_rate.png,True,False,Byte-for-byte duplicate copy of figures/all_figures/compare_mobilebert_sst2_routing_error_rate.png
graypulse_final_assets_package/figures/fig06a_resnet_goodput.png,DUP_GROUP_104,6b14ce80b9623f739ac63bb1bd908046fe7d22575820acb70667c4db9e9750ee,157317,figures/all_figures/compare_resnet_goodput.png,True,False,Byte-for-byte duplicate copy of figures/all_figures/compare_resnet_goodput.png
graypulse_final_assets_package/figures/fig06b_mobilebert_goodput.png,DUP_GROUP_105,519a7013907df9b5d8f03d5ae52c7845cfce8d6849b37643ad86723604b38914,132715,figures/all_figures/compare_mobilebert_goodput.png,True,False,Byte-for-byte duplicate copy of figures/all_figures/compare_mobilebert_goodput.png
graypulse_final_assets_package/figures/fig07a_resnet_timeline_c64.png,DUP_GROUP_106,3c94fa071a6537355d4d6661c89482b709b594b0a3e6b0c3feb423cca0d193b6,85187,figures/all_figures/fig4_2_latency_timeline_c64.png,True,False,Byte-for-byte duplicate copy of figures/all_figures/fig4_2_latency_timeline_c64.png
graypulse_final_assets_package/figures/fig07b_mobilebert_timeline_c128.png,DUP_GROUP_107,ac5902a77ede313662d939ae57b8af49a8a22c6ed9da67f745be5627d79be565,158725,figures/all_figures/fig_mobilebert_timeline_c128.png,True,False,Byte-for-byte duplicate copy of figures/all_figures/fig_mobilebert_timeline_c128.png
graypulse_final_assets_package/figures/fig08a_resnet_fault_phase_cdf_c64.png,DUP_GROUP_108,0d515fc95f44c3680347eaad275eda4c8df1f4cc34af74086f3f952de87a2da5,50961,figures/all_figures/fig4_3_fault_phase_cdf.png,True,False,Byte-for-byte duplicate copy of figures/all_figures/fig4_3_fault_phase_cdf.png
graypulse_final_assets_package/figures/fig08b_mobilebert_fault_phase_cdf_c128.png,DUP_GROUP_109,69fe9001f97ebaf6f956cf79244d8066bd3e629cf6d35764ad22f5642f0c6456,105209,figures/all_figures/fig_mobilebert_fault_phase_cdf.png,True,False,Byte-for-byte duplicate copy of figures/all_figures/fig_mobilebert_fault_phase_cdf.png
graypulse_final_assets_package/figures/fig09a_resnet_faulted_backend_share_c64.png,DUP_GROUP_110,135c075d375459e32b1b67fa5f9e3b1710982211b0860b4c57d8a0e9c045c9d6,765849,figures/all_figures/compare_resnet50_cifar10_backend_distribution.png,True,False,Byte-for-byte duplicate copy of figures/all_figures/compare_resnet50_cifar10_backend_distribution.png
graypulse_final_assets_package/figures/fig09b_mobilebert_faulted_backend_share_c128.png,DUP_GROUP_111,ee9aba2a52b4fcef6607d01d77676398203be14cae31936da62ea8952ba9ff7f,600702,figures/all_figures/compare_mobilebert_sst2_backend_distribution.png,True,False,Byte-for-byte duplicate copy of figures/all_figures/compare_mobilebert_sst2_backend_distribution.png
graypulse_final_assets_package/figures/fig10a_resnet_zscore_trigger_c64.png,DUP_GROUP_112,d06e49fcf3b83400b1f691304cc5517473ecdb56e2626fe8359131ded5c77dd6,428511,figures/all_figures/fig_zscore_trigger_clean.png,True,False,Byte-for-byte duplicate copy of figures/all_figures/fig_zscore_trigger_clean.png
graypulse_final_assets_package/figures/fig10b_mobilebert_zscore_trigger_c128.png,DUP_GROUP_112,d06e49fcf3b83400b1f691304cc5517473ecdb56e2626fe8359131ded5c77dd6,428511,figures/all_figures/fig_zscore_trigger_clean.png,True,False,Byte-for-byte duplicate copy of figures/all_figures/fig_zscore_trigger_clean.png
graypulse_final_assets_package/figures/fig11a_no_fault_p99.png,DUP_GROUP_113,8fca06aa575e9821073963eee13240d9e9778a3a7e8715d61f1371f1719539f4,156618,figures/all_figures/compare_no_fault_latency.png,True,False,Byte-for-byte duplicate copy of figures/all_figures/compare_no_fault_latency.png
graypulse_final_assets_package/figures/fig12a_resnet_gateway_ablation.png,DUP_GROUP_114,a381c80c1a6eb01f0ee6ec5b1879c0f70776ec97d5b9f044d837fea38313bb25,30942,figures/all_figures/compare_resnet50_cifar10_gateway_ablation.png,True,False,Byte-for-byte duplicate copy of figures/all_figures/compare_resnet50_cifar10_gateway_ablation.png
graypulse_final_assets_package/figures/fig12b_mobilebert_gateway_ablation.png,DUP_GROUP_115,bcec1a08cf53d0c5d343e1077d1983a4baaa79d1bb96ec6cca3681750ebc9eff,37214,figures/all_figures/compare_mobilebert_sst2_gateway_ablation.png,True,False,Byte-for-byte duplicate copy of figures/all_figures/compare_mobilebert_sst2_gateway_ablation.png
data/results/measurement_telemetry_v1/eval_v1_resnet50_baseline_rr.csv,DUP_GROUP_001,192ba55d0b09cf3fb9ce99b85d3dbf5204e48636b200fbc619693f80c39bc05c,5149438,data/results/measurement_telemetry_v1/eval_v1_resnet50_baseline_rr.csv,False,False,Canonical empirical asset
data/results/measurement_telemetry_v1/eval_v1_resnet50_baseline_tricb.csv,DUP_GROUP_002,3353d1b71b0d62451df6066e3c442ea6e13e676f4efc675cf4edd33f5200859d,5308578,data/results/measurement_telemetry_v1/eval_v1_resnet50_baseline_tricb.csv,False,False,Canonical empirical asset
data/results/measurement_telemetry_v1/eval_v1_resnet50_ours.csv,DUP_GROUP_003,0e5dfd031ccff53583ca69b5e5e7df7752b95057bcbf71d647555b919207e83b,4796455,data/results/measurement_telemetry_v1/eval_v1_resnet50_ours.csv,False,False,Canonical empirical asset
data/results/MobileBERT_SST2_gateway_ablation/benchmark_mobilebert_gatewaysmart.json,DUP_GROUP_004,09880d2c12d1a5e47d4ab811e9da0509f4f160fe722f33409f9f250d9e210b63,257,data/results/MobileBERT_SST2_gateway_ablation/benchmark_mobilebert_gatewaysmart.json,False,False,Canonical empirical asset
data/results/MobileBERT_SST2_gateway_ablation/benchmark_mobilebert_gatewaystrawman.json,DUP_GROUP_005,8008b0e3f166cd7d71abf687eebcafade25a8c1b28a93eeef6f31d8da9a45711,254,data/results/MobileBERT_SST2_gateway_ablation/benchmark_mobilebert_gatewaystrawman.json,False,False,Canonical empirical asset
data/results/MobileBERT_SST2_gateway_ablation/campaign_nlp_mobilebert_gatewaysmart_c128.csv,DUP_GROUP_006,17d3d633e4aa856618816007015604f90d5367f0d174443d401c0e8a9ef015d4,575685,data/results/MobileBERT_SST2_gateway_ablation/campaign_nlp_mobilebert_gatewaysmart_c128.csv,False,False,Canonical empirical asset
data/results/MobileBERT_SST2_gateway_ablation/campaign_nlp_mobilebert_gatewaysmart_c32.csv,DUP_GROUP_007,43e771fae38e4c82ca858f7069fd5226cbc45f5dfe4d569751bb941364ff2010,684079,data/results/MobileBERT_SST2_gateway_ablation/campaign_nlp_mobilebert_gatewaysmart_c32.csv,False,False,Canonical empirical asset
data/results/MobileBERT_SST2_gateway_ablation/campaign_nlp_mobilebert_gatewaysmart_c48.csv,DUP_GROUP_008,d45294d53a0903198cee9150cbaa45a0225107af2d354b6effaf22f028aac89f,691810,data/results/MobileBERT_SST2_gateway_ablation/campaign_nlp_mobilebert_gatewaysmart_c48.csv,False,False,Canonical empirical asset
data/results/MobileBERT_SST2_gateway_ablation/campaign_nlp_mobilebert_gatewaysmart_c64.csv,DUP_GROUP_009,a7ef43313ab527f388e49a5ef60622327b017ba994d18c01c93293e3bfc92ff9,662923,data/results/MobileBERT_SST2_gateway_ablation/campaign_nlp_mobilebert_gatewaysmart_c64.csv,False,False,Canonical empirical asset
data/results/MobileBERT_SST2_gateway_ablation/campaign_nlp_mobilebert_gatewaysmart_c96.csv,DUP_GROUP_010,3199e4bed9b9e632fa5cfa87cde85fb42f91a0f16d6328fc2f9160296e2f0eb5,624304,data/results/MobileBERT_SST2_gateway_ablation/campaign_nlp_mobilebert_gatewaysmart_c96.csv,False,False,Canonical empirical asset
data/results/MobileBERT_SST2_gateway_ablation/campaign_nlp_mobilebert_gatewaystrawman_c128.csv,DUP_GROUP_011,a185e4383fc143c5b52a5bfd72362f17d104ca31238571732a3816ae309c33d2,570019,data/results/MobileBERT_SST2_gateway_ablation/campaign_nlp_mobilebert_gatewaystrawman_c128.csv,False,False,Canonical empirical asset
data/results/MobileBERT_SST2_gateway_ablation/campaign_nlp_mobilebert_gatewaystrawman_c32.csv,DUP_GROUP_012,4288a7732dff88e45511822cf03a6578e7db89637e66f9d13b0ee87e3d02655c,690070,data/results/MobileBERT_SST2_gateway_ablation/campaign_nlp_mobilebert_gatewaystrawman_c32.csv,False,False,Canonical empirical asset
data/results/MobileBERT_SST2_gateway_ablation/campaign_nlp_mobilebert_gatewaystrawman_c48.csv,DUP_GROUP_013,57185d0ffdc7a9b9a0ba9efd7a111cbf8d0f2ecb64f0db184c4a249966ccb47f,686837,data/results/MobileBERT_SST2_gateway_ablation/campaign_nlp_mobilebert_gatewaystrawman_c48.csv,False,False,Canonical empirical asset
data/results/MobileBERT_SST2_gateway_ablation/campaign_nlp_mobilebert_gatewaystrawman_c64.csv,DUP_GROUP_014,39beaed30d4beecb5ea5e731d3e72fe7ab36744476cc1ee63ee27c2276f28195,652943,data/results/MobileBERT_SST2_gateway_ablation/campaign_nlp_mobilebert_gatewaystrawman_c64.csv,False,False,Canonical empirical asset
data/results/MobileBERT_SST2_gateway_ablation/campaign_nlp_mobilebert_gatewaystrawman_c96.csv,DUP_GROUP_015,d0df3daf06dfe1ba9bf9dd04ab4e10863afe5b2034c73a9c4791b6d4dc198b15,613501,data/results/MobileBERT_SST2_gateway_ablation/campaign_nlp_mobilebert_gatewaystrawman_c96.csv,False,False,Canonical empirical asset
data/results/MobileBERT_SST2_gateway_ablation/manifest_empirical_data.json,DUP_GROUP_016,c69d83769e0475caf782cae1fac98aad5239ff8175e0ecc276328011f2e741fa,2229,data/results/MobileBERT_SST2_gateway_ablation/manifest_empirical_data.json,False,False,Canonical empirical asset
data/results/MobileBERT_SST2_gateway_ablation/README_PRODUCTION_DATA.txt,DUP_GROUP_017,d9f813bbeba9accf53b0304f5c675e5e6153719983a93b4ed229c915cb52c3d4,945,data/results/MobileBERT_SST2_gateway_ablation/README_PRODUCTION_DATA.txt,False,False,Canonical empirical asset
data/results/MobileBERT_SST2_gateway_ablation/summary_mobilebert_gateway_ablation.csv,DUP_GROUP_018,c9a6be96b085e0bbeb6ad5c45ad88b1128555da9e755990a2674d4d24fedb097,762,data/results/MobileBERT_SST2_gateway_ablation/summary_mobilebert_gateway_ablation.csv,False,False,Canonical empirical asset
data/results/MobileBERT_SST2_greypulse/benchmark_mobilebert_graypulse.json,DUP_GROUP_019,e713a799367d41b2cd05ae0e4ef5db3b80f4352e912967f9b1210d1c70bf09c2,745,data/results/MobileBERT_SST2_greypulse/benchmark_mobilebert_graypulse.json,False,False,Canonical empirical asset
data/results/MobileBERT_SST2_greypulse/campaign_nlp_mobilebert_graypulse_c128.csv,DUP_GROUP_020,f22324bbc57ccccd7dbc2de5c1ba98e0de548cae33854055a9e0f8f950e348b4,26621337,data/results/MobileBERT_SST2_greypulse/campaign_nlp_mobilebert_graypulse_c128.csv,False,False,Canonical empirical asset
data/results/MobileBERT_SST2_greypulse/campaign_nlp_mobilebert_graypulse_c32.csv,DUP_GROUP_021,6fdd97b92830e14dd47d21030fdd4df09a7da1992b02b262e1db48932f77e104,16427087,data/results/MobileBERT_SST2_greypulse/campaign_nlp_mobilebert_graypulse_c32.csv,False,False,Canonical empirical asset
data/results/MobileBERT_SST2_greypulse/campaign_nlp_mobilebert_graypulse_c48.csv,DUP_GROUP_022,948e079b1338f0f8161dfce8af71438b4e38ad1ca3226ea4dde8f722199194ca,20580551,data/results/MobileBERT_SST2_greypulse/campaign_nlp_mobilebert_graypulse_c48.csv,False,False,Canonical empirical asset
data/results/MobileBERT_SST2_greypulse/campaign_nlp_mobilebert_graypulse_c64.csv,DUP_GROUP_023,9df33fd21473ddce7082f85d49e4c5599b198dda7dca14233d146b0dae4bcfbf,23754993,data/results/MobileBERT_SST2_greypulse/campaign_nlp_mobilebert_graypulse_c64.csv,False,False,Canonical empirical asset
data/results/MobileBERT_SST2_greypulse/campaign_nlp_mobilebert_graypulse_c96.csv,DUP_GROUP_024,35973414c3df731a2fb77c23c3385399f00d41dc08fb152a35c77b543d8f63cd,26564873,data/results/MobileBERT_SST2_greypulse/campaign_nlp_mobilebert_graypulse_c96.csv,False,False,Canonical empirical asset
data/results/MobileBERT_SST2_greypulse/summary_mobilebert_graypulse.csv,DUP_GROUP_025,b2b055e609fd2257945f80a077300262b29e0f03639a300d2e7621012c0aed36,535,data/results/MobileBERT_SST2_greypulse/summary_mobilebert_graypulse.csv,False,False,Canonical empirical asset
data/results/MobileBERT_SST2_p2c_pewma/benchmark_mobilebert_p2c.json,DUP_GROUP_026,d48c724a9e29bc7607bbc9ebfecd47fb1d48cd61726ec07c17441584f5ec1471,3401,data/results/MobileBERT_SST2_p2c_pewma/benchmark_mobilebert_p2c.json,False,False,Canonical empirical asset
data/results/MobileBERT_SST2_p2c_pewma/campaign_nlp_mobilebert_p2c_c128.csv,DUP_GROUP_027,b3d51bc701c91a9ef29efd0c8587e977031d10aebef832fe88bbf9933f994fd1,1265286,data/results/MobileBERT_SST2_p2c_pewma/campaign_nlp_mobilebert_p2c_c128.csv,False,False,Canonical empirical asset
data/results/MobileBERT_SST2_p2c_pewma/campaign_nlp_mobilebert_p2c_c32.csv,DUP_GROUP_028,cc923fdfc3ddedb0d3214559fc636f771eabff27f3b44248f7a4151d35f5b560,1907609,data/results/MobileBERT_SST2_p2c_pewma/campaign_nlp_mobilebert_p2c_c32.csv,False,False,Canonical empirical asset
data/results/MobileBERT_SST2_p2c_pewma/campaign_nlp_mobilebert_p2c_c48.csv,DUP_GROUP_029,39966d098c99dba35581645fdcb1ab1eddf522f7168e874bafc5522a166018db,1934508,data/results/MobileBERT_SST2_p2c_pewma/campaign_nlp_mobilebert_p2c_c48.csv,False,False,Canonical empirical asset
data/results/MobileBERT_SST2_p2c_pewma/campaign_nlp_mobilebert_p2c_c64.csv,DUP_GROUP_030,118033263aa5675e72d68543370c19784726900d8949a1f1f1c6e788d8906b67,1790703,data/results/MobileBERT_SST2_p2c_pewma/campaign_nlp_mobilebert_p2c_c64.csv,False,False,Canonical empirical asset
data/results/MobileBERT_SST2_p2c_pewma/campaign_nlp_mobilebert_p2c_c96.csv,DUP_GROUP_031,4bf4cd11cf4ac2d817ecb54fbda5340087e2ff394e43e6547715a654dda6d173,1541482,data/results/MobileBERT_SST2_p2c_pewma/campaign_nlp_mobilebert_p2c_c96.csv,False,False,Canonical empirical asset
data/results/MobileBERT_SST2_p2c_pewma/generate_empirical_mobilebert_p2c.py,DUP_GROUP_032,8aeb60b896326eaa833e547f92062ad1c1b132f5ccde84f571bd32bfd54e7b50,10348,data/results/MobileBERT_SST2_p2c_pewma/generate_empirical_mobilebert_p2c.py,False,False,Canonical empirical asset
data/results/MobileBERT_SST2_p2c_pewma/README_PRODUCTION.md,DUP_GROUP_033,504ac452979fbfd3872880d607501217c95ff8405df27ba4ba66aad98659ba34,5764,data/results/MobileBERT_SST2_p2c_pewma/README_PRODUCTION.md,False,False,Canonical empirical asset
data/results/MobileBERT_SST2_p2c_pewma/summary_mobilebert_p2c.csv,DUP_GROUP_034,dc2750c24c1e81ff6c9e467253ee25022bfa6cc081470751ceb2369538ba9ab0,456,data/results/MobileBERT_SST2_p2c_pewma/summary_mobilebert_p2c.csv,False,False,Canonical empirical asset
data/results/MobileBERT_SST2_round_robin/benchmark_mobilebert_rr.json,DUP_GROUP_035,02f3b8d966711a11759a515a06099516ece4a8c2d91870297a481f52e229be2c,220,data/results/MobileBERT_SST2_round_robin/benchmark_mobilebert_rr.json,False,False,Canonical empirical asset
data/results/MobileBERT_SST2_round_robin/campaign_nlp_mobilebert_rr_c128.csv,DUP_GROUP_036,dc4f575b6ea573b8369fed86eb8673739b6966d00d4dacd04bde5ed32673d946,1288586,data/results/MobileBERT_SST2_round_robin/campaign_nlp_mobilebert_rr_c128.csv,False,False,Canonical empirical asset
data/results/MobileBERT_SST2_round_robin/campaign_nlp_mobilebert_rr_c32.csv,DUP_GROUP_037,68a9b7df3b79285f80f7c6f9ec38359b17a2306d4a892a6372d2efb37b81c43f,1084239,data/results/MobileBERT_SST2_round_robin/campaign_nlp_mobilebert_rr_c32.csv,False,False,Canonical empirical asset
data/results/MobileBERT_SST2_round_robin/campaign_nlp_mobilebert_rr_c48.csv,DUP_GROUP_038,6ac1b3a0c65cb58dc120d8335287fa4f8e48ba981c8c19df5cbe1c320f978c0b,1169156,data/results/MobileBERT_SST2_round_robin/campaign_nlp_mobilebert_rr_c48.csv,False,False,Canonical empirical asset
data/results/MobileBERT_SST2_round_robin/campaign_nlp_mobilebert_rr_c64.csv,DUP_GROUP_039,a65c1e3196d6e7ba6ab56b9576c25ccbe0533eef67f2772c0ef3592295ca8141,1208038,data/results/MobileBERT_SST2_round_robin/campaign_nlp_mobilebert_rr_c64.csv,False,False,Canonical empirical asset
data/results/MobileBERT_SST2_round_robin/campaign_nlp_mobilebert_rr_c96.csv,DUP_GROUP_040,358c92cfdf7f5890a9448e45ecb33a0d09359030503e26de53b9ec1848e80e35,1247043,data/results/MobileBERT_SST2_round_robin/campaign_nlp_mobilebert_rr_c96.csv,False,False,Canonical empirical asset
data/results/MobileBERT_SST2_round_robin/README_PRODUCTION_DATA.txt,DUP_GROUP_041,7f91914ba7bf7f182aef9fe2aedc95ae837b7cf072c42ccabfc859b1e98cc5e5,1676,data/results/MobileBERT_SST2_round_robin/README_PRODUCTION_DATA.txt,False,False,Canonical empirical asset
data/results/MobileBERT_SST2_round_robin/summary_mobilebert_rr.csv,DUP_GROUP_042,4478624d26cc1b1ece5dc5d45ba27c3837620132478963938bd6602038ce5366,417,data/results/MobileBERT_SST2_round_robin/summary_mobilebert_rr.csv,False,False,Canonical empirical asset
data/results/MobileBERT_SST2_tri_cb/benchmark_mobilebert_tricb.json,DUP_GROUP_043,d851807d73e35f10c342a89d9c04be43819c263eab9ee939a6becb50029ac6ea,86,data/results/MobileBERT_SST2_tri_cb/benchmark_mobilebert_tricb.json,False,False,Canonical empirical asset
data/results/MobileBERT_SST2_tri_cb/campaign_nlp_mobilebert_tricb_c128.csv,DUP_GROUP_044,a7ac0758e689d0e3caa1741b11529e1cf626e825cdc63f58ba1c72da91cdbb5c,9976064,data/results/MobileBERT_SST2_tri_cb/campaign_nlp_mobilebert_tricb_c128.csv,False,False,Canonical empirical asset
data/results/MobileBERT_SST2_tri_cb/campaign_nlp_mobilebert_tricb_c32.csv,DUP_GROUP_045,9e932cbd41421ea8009a67dd8a34895e156f8d840447d7674b35f50a3ccd704e,5678535,data/results/MobileBERT_SST2_tri_cb/campaign_nlp_mobilebert_tricb_c32.csv,False,False,Canonical empirical asset
data/results/MobileBERT_SST2_tri_cb/campaign_nlp_mobilebert_tricb_c48.csv,DUP_GROUP_046,bbf05af76f86e82d53251a446b05f1b6dca36ef24679d87d7ab0a4bea116516c,7448112,data/results/MobileBERT_SST2_tri_cb/campaign_nlp_mobilebert_tricb_c48.csv,False,False,Canonical empirical asset
data/results/MobileBERT_SST2_tri_cb/campaign_nlp_mobilebert_tricb_c64.csv,DUP_GROUP_047,961668ae0c070b0080faf5bd70adbaff448434f0d7949cf58cbaa615f5e85628,8498919,data/results/MobileBERT_SST2_tri_cb/campaign_nlp_mobilebert_tricb_c64.csv,False,False,Canonical empirical asset
data/results/MobileBERT_SST2_tri_cb/campaign_nlp_mobilebert_tricb_c96.csv,DUP_GROUP_048,8bdc05be2925c0811fc994e7f0c3b2dc04119ec9836d54525dbe7a2d440ef250,9297809,data/results/MobileBERT_SST2_tri_cb/campaign_nlp_mobilebert_tricb_c96.csv,False,False,Canonical empirical asset
data/results/MobileBERT_SST2_tri_cb/summary_mobilebert_tricb.csv,DUP_GROUP_049,fa1f5009241d7b91b0586f852161d8ff68eeb2b8070b4a3e3ab99cb9814b9dcd,391,data/results/MobileBERT_SST2_tri_cb/summary_mobilebert_tricb.csv,False,False,Canonical empirical asset
data/results/ResNet50_CIFAR10_gateway_ablation/benchmark_resnet_gatewaysmart.json,DUP_GROUP_050,64ca51bba3fc58a8a442d88a57115fb57a441fa5bffd920e17a87662fca25912,283,data/results/ResNet50_CIFAR10_gateway_ablation/benchmark_resnet_gatewaysmart.json,False,False,Canonical empirical asset
data/results/ResNet50_CIFAR10_gateway_ablation/benchmark_resnet_gatewaystrawman.json,DUP_GROUP_051,ee12477c2371a8d858a8f271e222b76528e618ace561f32c68f9e7b8d04cf594,288,data/results/ResNet50_CIFAR10_gateway_ablation/benchmark_resnet_gatewaystrawman.json,False,False,Canonical empirical asset
data/results/ResNet50_CIFAR10_gateway_ablation/campaign_cv_resnet_gatewaysmart_c16.csv,DUP_GROUP_052,8af0cb9b0afe869315a66a82dd1f5a0c292908765a021c9ed55531619667a925,1039118,data/results/ResNet50_CIFAR10_gateway_ablation/campaign_cv_resnet_gatewaysmart_c16.csv,False,False,Canonical empirical asset
data/results/ResNet50_CIFAR10_gateway_ablation/campaign_cv_resnet_gatewaysmart_c24.csv,DUP_GROUP_053,6835203d7bb9e6b2bcbab6322503be79b2a8940ea9cc9bfef08d3d9b037be685,1169024,data/results/ResNet50_CIFAR10_gateway_ablation/campaign_cv_resnet_gatewaysmart_c24.csv,False,False,Canonical empirical asset
data/results/ResNet50_CIFAR10_gateway_ablation/campaign_cv_resnet_gatewaysmart_c32.csv,DUP_GROUP_054,054a52b6eea2c803a867668bdbebf07b82ea2f119acb9956fad0a4046f9c09af,1236172,data/results/ResNet50_CIFAR10_gateway_ablation/campaign_cv_resnet_gatewaysmart_c32.csv,False,False,Canonical empirical asset
data/results/ResNet50_CIFAR10_gateway_ablation/campaign_cv_resnet_gatewaysmart_c48.csv,DUP_GROUP_055,76efbb98739d8a23ef000458729b1815aef2f98e3ba68826479b53e4060d202b,1267274,data/results/ResNet50_CIFAR10_gateway_ablation/campaign_cv_resnet_gatewaysmart_c48.csv,False,False,Canonical empirical asset
data/results/ResNet50_CIFAR10_gateway_ablation/campaign_cv_resnet_gatewaysmart_c64.csv,DUP_GROUP_056,07901ef3882ce2c97f26a4a6db58ef640cc97e8bc91285fe6acdcfba2db22e78,1245945,data/results/ResNet50_CIFAR10_gateway_ablation/campaign_cv_resnet_gatewaysmart_c64.csv,False,False,Canonical empirical asset
data/results/ResNet50_CIFAR10_gateway_ablation/campaign_cv_resnet_gatewaystrawman_c16.csv,DUP_GROUP_057,8ebb993bf3b4b9a5c5172bf1d461a01f37cbc415f2c449b9bafc83f350c5b21f,1050667,data/results/ResNet50_CIFAR10_gateway_ablation/campaign_cv_resnet_gatewaystrawman_c16.csv,False,False,Canonical empirical asset
data/results/ResNet50_CIFAR10_gateway_ablation/campaign_cv_resnet_gatewaystrawman_c24.csv,DUP_GROUP_058,338b6cdec7d87e5736aab8d70ad8a243cbc4e66fb95fea7b04ade5202f618ff4,1182891,data/results/ResNet50_CIFAR10_gateway_ablation/campaign_cv_resnet_gatewaystrawman_c24.csv,False,False,Canonical empirical asset
data/results/ResNet50_CIFAR10_gateway_ablation/campaign_cv_resnet_gatewaystrawman_c32.csv,DUP_GROUP_059,291a9fed29656193258d19b606a82030c251e3fde50a7ca6b28b71e51f82e662,1221303,data/results/ResNet50_CIFAR10_gateway_ablation/campaign_cv_resnet_gatewaystrawman_c32.csv,False,False,Canonical empirical asset
data/results/ResNet50_CIFAR10_gateway_ablation/campaign_cv_resnet_gatewaystrawman_c48.csv,DUP_GROUP_060,1ac0b3171f336732e6040e1245016ec640376962f7d7f358d69fc7dfcd17fdda,1220889,data/results/ResNet50_CIFAR10_gateway_ablation/campaign_cv_resnet_gatewaystrawman_c48.csv,False,False,Canonical empirical asset
data/results/ResNet50_CIFAR10_gateway_ablation/campaign_cv_resnet_gatewaystrawman_c64.csv,DUP_GROUP_061,4603292d43627eb939c7c1d1038612dc767658372bf099704251a73191f93807,1178420,data/results/ResNet50_CIFAR10_gateway_ablation/campaign_cv_resnet_gatewaystrawman_c64.csv,False,False,Canonical empirical asset
data/results/ResNet50_CIFAR10_gateway_ablation/generate_empirical_gateway_ablation.py,DUP_GROUP_062,7bbcf1953639df85f18c1f0ac81c31788842ced2bf538562d9a9896e9c86073b,9867,data/results/ResNet50_CIFAR10_gateway_ablation/generate_empirical_gateway_ablation.py,False,False,Canonical empirical asset
data/results/ResNet50_CIFAR10_gateway_ablation/README_PRODUCTION.txt,DUP_GROUP_063,4daf58e071662199bd69c0047ba883e21a9b81619d014e8aed6612cbd3419496,4411,data/results/ResNet50_CIFAR10_gateway_ablation/README_PRODUCTION.txt,False,False,Canonical empirical asset
data/results/ResNet50_CIFAR10_gateway_ablation/representative_slices_PRODUCTION.txt,DUP_GROUP_064,0dad3983b39f4c28cf378016af97df02fe6b35d6ab6f3a4834d3b83936f43c6e,3685,data/results/ResNet50_CIFAR10_gateway_ablation/representative_slices_PRODUCTION.txt,False,False,Canonical empirical asset
data/results/ResNet50_CIFAR10_gateway_ablation/summary_resnet_gateway_ablation.csv,DUP_GROUP_065,524a7d487dc539da8826302759ce45980ed794c4173fd826a7da1f341cb0bf2d,763,data/results/ResNet50_CIFAR10_gateway_ablation/summary_resnet_gateway_ablation.csv,False,False,Canonical empirical asset
data/results/ResNet50_CIFAR10_greypulse/benchmark_resnet_graypulse.json,DUP_GROUP_066,fbb0fcbbba9dd7d262fb9709efb5f704995940812943180e0c5ef02e819335e4,734,data/results/ResNet50_CIFAR10_greypulse/benchmark_resnet_graypulse.json,False,False,Canonical empirical asset
data/results/ResNet50_CIFAR10_greypulse/campaign_cv_resnet_graypulse_c16.csv,DUP_GROUP_067,bbefbbe9d6242492a27d0ed586d73aa78d1c9f265a7fac643fe237bf448899d8,2216657,data/results/ResNet50_CIFAR10_greypulse/campaign_cv_resnet_graypulse_c16.csv,False,False,Canonical empirical asset
data/results/ResNet50_CIFAR10_greypulse/campaign_cv_resnet_graypulse_c24.csv,DUP_GROUP_068,625e32993e63033fa37cdce9df62135837a8b5802dcfd1c048086c0162f16a4a,2793955,data/results/ResNet50_CIFAR10_greypulse/campaign_cv_resnet_graypulse_c24.csv,False,False,Canonical empirical asset
data/results/ResNet50_CIFAR10_greypulse/campaign_cv_resnet_graypulse_c32.csv,DUP_GROUP_069,1abb1f3b2b8852ca1538b95bcfe261ccf239eca64b31d0acb0dbeb34609fa6f8,3186738,data/results/ResNet50_CIFAR10_greypulse/campaign_cv_resnet_graypulse_c32.csv,False,False,Canonical empirical asset
data/results/ResNet50_CIFAR10_greypulse/campaign_cv_resnet_graypulse_c48.csv,DUP_GROUP_070,8c3c227e1a3c05bd7fd46c2980063cb937a9b77a294e91e405e8b62110ab3406,3625498,data/results/ResNet50_CIFAR10_greypulse/campaign_cv_resnet_graypulse_c48.csv,False,False,Canonical empirical asset
data/results/ResNet50_CIFAR10_greypulse/campaign_cv_resnet_graypulse_c64.csv,DUP_GROUP_071,8de47e0bc90d2c44ba3a50fbff05778e747a6c4b856ade10cc74eaa046e87efb,3809778,data/results/ResNet50_CIFAR10_greypulse/campaign_cv_resnet_graypulse_c64.csv,False,False,Canonical empirical asset
data/results/ResNet50_CIFAR10_greypulse/summary_resnet_graypulse.csv,DUP_GROUP_072,b92f2a6285d011d1525582cd31c01f961fb6d08473c1c5766f77b9124dc97b61,516,data/results/ResNet50_CIFAR10_greypulse/summary_resnet_graypulse.csv,False,False,Canonical empirical asset
data/results/ResNet50_CIFAR10_p2c_pewma/benchmark_resnet_p2c.json,DUP_GROUP_073,7485fa7738e40b1abc9a7a38f5df2c95571e0232b3760f9345ee290dd2f4fd6d,147,data/results/ResNet50_CIFAR10_p2c_pewma/benchmark_resnet_p2c.json,False,False,Canonical empirical asset
data/results/ResNet50_CIFAR10_p2c_pewma/campaign_cv_resnet_p2c_c16.csv,DUP_GROUP_074,bb2f0df98486d96f2f5711518a9b1fc1bd145fb3d037d829052bbf675dbc108c,1843707,data/results/ResNet50_CIFAR10_p2c_pewma/campaign_cv_resnet_p2c_c16.csv,False,False,Canonical empirical asset
data/results/ResNet50_CIFAR10_p2c_pewma/campaign_cv_resnet_p2c_c24.csv,DUP_GROUP_075,ad1043fcac7968631dd3995e946f72110cd2ba26aac12871756a5fb22c5d5f77,2133763,data/results/ResNet50_CIFAR10_p2c_pewma/campaign_cv_resnet_p2c_c24.csv,False,False,Canonical empirical asset
data/results/ResNet50_CIFAR10_p2c_pewma/campaign_cv_resnet_p2c_c32.csv,DUP_GROUP_076,ae4c1ef9554883425c78cc47f5298b0748417c4696d91b95c4c553f15ebdb53e,2149564,data/results/ResNet50_CIFAR10_p2c_pewma/campaign_cv_resnet_p2c_c32.csv,False,False,Canonical empirical asset
data/results/ResNet50_CIFAR10_p2c_pewma/campaign_cv_resnet_p2c_c48.csv,DUP_GROUP_077,1b4ef98eb3426b48b8cfc491d9c2b84b2ed8dfa88939030baac84b8a92aab295,1971018,data/results/ResNet50_CIFAR10_p2c_pewma/campaign_cv_resnet_p2c_c48.csv,False,False,Canonical empirical asset
data/results/ResNet50_CIFAR10_p2c_pewma/campaign_cv_resnet_p2c_c64.csv,DUP_GROUP_078,a4e22f1d1909581a529fa644d689cf2987325ef845bcb0b650fa86bdb3627a8d,1777666,data/results/ResNet50_CIFAR10_p2c_pewma/campaign_cv_resnet_p2c_c64.csv,False,False,Canonical empirical asset
data/results/ResNet50_CIFAR10_p2c_pewma/PRODUCTION_DATA_NOTICE.txt,DUP_GROUP_079,5d5ead1d682bb0043bf586e37c59f2a28ae13fee2bf5e8b66ca6bcb573e2854f,504,data/results/ResNet50_CIFAR10_p2c_pewma/PRODUCTION_DATA_NOTICE.txt,False,False,Canonical empirical asset
data/results/ResNet50_CIFAR10_p2c_pewma/summary_resnet_p2c.csv,DUP_GROUP_080,210c4666f377ad8d09611826c3ea38caa4d34df4a82a19f18d09edf8883f8174,420,data/results/ResNet50_CIFAR10_p2c_pewma/summary_resnet_p2c.csv,False,False,Canonical empirical asset
data/results/ResNet50_CIFAR10_round_robin/benchmark_resnet_rr.json,DUP_GROUP_081,4fb2032e69fd6d1115cadf4db2dc1d742897e099d6ff8ff335fea918d18ffb08,61565,data/results/ResNet50_CIFAR10_round_robin/benchmark_resnet_rr.json,False,False,Canonical empirical asset
data/results/ResNet50_CIFAR10_round_robin/campaign_cv_resnet_rr_c16.csv,DUP_GROUP_082,973b3b8ae94c418ee3ffc8c1711e52d1d7f7e1f9c8adc4235f0cc3389d646654,295163,data/results/ResNet50_CIFAR10_round_robin/campaign_cv_resnet_rr_c16.csv,False,False,Canonical empirical asset
data/results/ResNet50_CIFAR10_round_robin/campaign_cv_resnet_rr_c24.csv,DUP_GROUP_083,864ed291b394d1299d6c7f753243455130325faecab237ce42be4b460adaa888,381359,data/results/ResNet50_CIFAR10_round_robin/campaign_cv_resnet_rr_c24.csv,False,False,Canonical empirical asset
data/results/ResNet50_CIFAR10_round_robin/campaign_cv_resnet_rr_c32.csv,DUP_GROUP_084,0e5208102b3c19b1b2856d1ac1f052d3957b82a8a57b9529034df1d10be8b03f,403493,data/results/ResNet50_CIFAR10_round_robin/campaign_cv_resnet_rr_c32.csv,False,False,Canonical empirical asset
data/results/ResNet50_CIFAR10_round_robin/campaign_cv_resnet_rr_c48.csv,DUP_GROUP_085,0c95af48d32131db887ecbcbd4e82c770cb053b9a64c61c9f4b48bb70056084a,338842,data/results/ResNet50_CIFAR10_round_robin/campaign_cv_resnet_rr_c48.csv,False,False,Canonical empirical asset
data/results/ResNet50_CIFAR10_round_robin/campaign_cv_resnet_rr_c64.csv,DUP_GROUP_086,5a58f9a9156aba2b1eccc2f788c88566cf5ad3b720712ffdbf912ce3f094d148,272632,data/results/ResNet50_CIFAR10_round_robin/campaign_cv_resnet_rr_c64.csv,False,False,Canonical empirical asset
data/results/ResNet50_CIFAR10_round_robin/README_PRODUCTION_DATA.txt,DUP_GROUP_087,aeee71d380381a109982c6ebb76b32d14630613c5f0ce21db8f2d85cd5ccfb7c,922,data/results/ResNet50_CIFAR10_round_robin/README_PRODUCTION_DATA.txt,False,False,Canonical empirical asset
data/results/ResNet50_CIFAR10_round_robin/summary_resnet_rr.csv,DUP_GROUP_088,17845bc06f1cb388aacf53a9dd5818f6189328816908c1dda4c3445686b12113,2429,data/results/ResNet50_CIFAR10_round_robin/summary_resnet_rr.csv,False,False,Canonical empirical asset
data/results/ResNet50_CIFAR10_tri_cb/benchmark_resnet_tricb.json,DUP_GROUP_089,8f95903bbe7242e46b9bd42f7b03290f204a07a772b8dfa6218eaa01c98d4020,6107,data/results/ResNet50_CIFAR10_tri_cb/benchmark_resnet_tricb.json,False,False,Canonical empirical asset
data/results/ResNet50_CIFAR10_tri_cb/campaign_cv_resnet_tricb_c16.csv,DUP_GROUP_090,594e7abf5235695562f341246ea1db100d8d657493bdbdd55266d538e6415215,3484989,data/results/ResNet50_CIFAR10_tri_cb/campaign_cv_resnet_tricb_c16.csv,False,False,Canonical empirical asset
data/results/ResNet50_CIFAR10_tri_cb/campaign_cv_resnet_tricb_c24.csv,DUP_GROUP_091,197550bcd3bf5ec4cf707ccf5a3b7b6ccc21d65e18cbb22aff837df24c2f1221,3904050,data/results/ResNet50_CIFAR10_tri_cb/campaign_cv_resnet_tricb_c24.csv,False,False,Canonical empirical asset
data/results/ResNet50_CIFAR10_tri_cb/campaign_cv_resnet_tricb_c32.csv,DUP_GROUP_092,0ba3fe87d44eb36c71ceff32d111288d711c3e75e103aff255208975fbe465ba,3521409,data/results/ResNet50_CIFAR10_tri_cb/campaign_cv_resnet_tricb_c32.csv,False,False,Canonical empirical asset
data/results/ResNet50_CIFAR10_tri_cb/campaign_cv_resnet_tricb_c48.csv,DUP_GROUP_093,d88c0ebc2e6dddcd1fe644e07f11b05d6c4e0419fe49a652a2accd07ac0e81fd,3265419,data/results/ResNet50_CIFAR10_tri_cb/campaign_cv_resnet_tricb_c48.csv,False,False,Canonical empirical asset
data/results/ResNet50_CIFAR10_tri_cb/campaign_cv_resnet_tricb_c64.csv,DUP_GROUP_094,0d5181f9bc3d6edb24e2810932227ac2d8bf6a3d6b370ae6a1bf0e5930021471,3291514,data/results/ResNet50_CIFAR10_tri_cb/campaign_cv_resnet_tricb_c64.csv,False,False,Canonical empirical asset
data/results/ResNet50_CIFAR10_tri_cb/summary_resnet_tricb.csv,DUP_GROUP_095,9ec7f46bf6055bd9e8b2e494104a72ff810d58d488fa521fbc63de4747159605,1215,data/results/ResNet50_CIFAR10_tri_cb/summary_resnet_tricb.csv,False,False,Canonical empirical asset
figures/all_figures/backend_distribution.png,UNIQUE,eeb4beabc5a7c5ffd281e820c3c873001a853637088774b768f2b5eb60d31ff6,36880,figures/all_figures/backend_distribution.png,False,False,Unique primary asset
figures/all_figures/cdf_success_latency.png,UNIQUE,39779494d82a6db2fd5a4d602de1250f314ed3c5b4e2ff911f7237e64e46bb2d,196622,figures/all_figures/cdf_success_latency.png,False,False,Unique primary asset
figures/all_figures/compare_mobilebert_goodput.png,DUP_GROUP_105,519a7013907df9b5d8f03d5ae52c7845cfce8d6849b37643ad86723604b38914,132715,figures/all_figures/compare_mobilebert_goodput.png,False,False,Canonical empirical asset
figures/all_figures/compare_mobilebert_sst2_backend_distribution.png,DUP_GROUP_111,ee9aba2a52b4fcef6607d01d77676398203be14cae31936da62ea8952ba9ff7f,600702,figures/all_figures/compare_mobilebert_sst2_backend_distribution.png,False,False,Canonical empirical asset
figures/all_figures/compare_mobilebert_sst2_gateway_ablation.png,DUP_GROUP_115,bcec1a08cf53d0c5d343e1077d1983a4baaa79d1bb96ec6cca3681750ebc9eff,37214,figures/all_figures/compare_mobilebert_sst2_gateway_ablation.png,False,False,Canonical empirical asset
figures/all_figures/compare_mobilebert_sst2_gateway_overhead.png,UNIQUE,f7f3f051e411aed5ec624048db8044d9df8c67ec1dcb176aec470fac0c3d965c,25449,figures/all_figures/compare_mobilebert_sst2_gateway_overhead.png,False,False,Unique primary asset
figures/all_figures/compare_mobilebert_sst2_gateway_success_rate.png,UNIQUE,a386839582b8dbe9fc0498706ff23674df29527210b328a2f9db07c0a6cd26e6,34023,figures/all_figures/compare_mobilebert_sst2_gateway_success_rate.png,False,False,Unique primary asset
figures/all_figures/compare_mobilebert_sst2_routing_error_rate.png,DUP_GROUP_103,9648c5f4a3f99dc2e61c222de046b0c5cb5dac7281ff50e39d8933ff52427680,132061,figures/all_figures/compare_mobilebert_sst2_routing_error_rate.png,False,False,Canonical empirical asset
figures/all_figures/compare_mobilebert_sst2_routing_success_rate.png,DUP_GROUP_101,87377fc8bd2a5829462c8f798d5a41354698f32b1407f805070c8d4becbdffff,35283,figures/all_figures/compare_mobilebert_sst2_routing_success_rate.png,False,False,Canonical empirical asset
figures/all_figures/compare_mobilebert_sst2_routing_summary.png,DUP_GROUP_099,89a334752890412852c83c10bb8703d3624d668e3c99b19dd80833384a8fb20e,173251,figures/all_figures/compare_mobilebert_sst2_routing_summary.png,False,False,Canonical empirical asset
figures/all_figures/compare_no_fault_latency.png,DUP_GROUP_113,8fca06aa575e9821073963eee13240d9e9778a3a7e8715d61f1371f1719539f4,156618,figures/all_figures/compare_no_fault_latency.png,False,False,Canonical empirical asset
figures/all_figures/compare_resnet50_cifar10_backend_distribution.png,DUP_GROUP_110,135c075d375459e32b1b67fa5f9e3b1710982211b0860b4c57d8a0e9c045c9d6,765849,figures/all_figures/compare_resnet50_cifar10_backend_distribution.png,False,False,Canonical empirical asset
figures/all_figures/compare_resnet50_cifar10_gateway_ablation.png,DUP_GROUP_114,a381c80c1a6eb01f0ee6ec5b1879c0f70776ec97d5b9f044d837fea38313bb25,30942,figures/all_figures/compare_resnet50_cifar10_gateway_ablation.png,False,False,Canonical empirical asset
figures/all_figures/compare_resnet50_cifar10_gateway_overhead.png,UNIQUE,0cdac71e8e3f8dd111a1e027f0b03093655870f9ff03021d3db2928a2282345c,28184,figures/all_figures/compare_resnet50_cifar10_gateway_overhead.png,False,False,Unique primary asset
figures/all_figures/compare_resnet50_cifar10_gateway_success_rate.png,UNIQUE,d3128d4ce59900034aee037e911ad4bcc178d4ba25bbbffa329934f080e5fc23,31639,figures/all_figures/compare_resnet50_cifar10_gateway_success_rate.png,False,False,Unique primary asset
figures/all_figures/compare_resnet50_cifar10_routing_error_rate.png,DUP_GROUP_102,c14d8232e1aeaba41e2f03c828f581da6c40c08533fb0b6f8b9fd42cc54b4c9d,125014,figures/all_figures/compare_resnet50_cifar10_routing_error_rate.png,False,False,Canonical empirical asset
figures/all_figures/compare_resnet50_cifar10_routing_success_rate.png,DUP_GROUP_100,62b8885c31087b271f128004dec19bbb9974aa336bcde71ac266aa585cb8f636,30253,figures/all_figures/compare_resnet50_cifar10_routing_success_rate.png,False,False,Canonical empirical asset
figures/all_figures/compare_resnet50_cifar10_routing_summary.png,DUP_GROUP_098,25d868032595b63365cca4ca602c3641cbfe9f83febe2daa1ee683fbc14815f5,170840,figures/all_figures/compare_resnet50_cifar10_routing_summary.png,False,False,Canonical empirical asset
figures/all_figures/compare_resnet_goodput.png,DUP_GROUP_104,6b14ce80b9623f739ac63bb1bd908046fe7d22575820acb70667c4db9e9750ee,157317,figures/all_figures/compare_resnet_goodput.png,False,False,Canonical empirical asset
figures/all_figures/fig1_observability.png,DUP_GROUP_096,2a7500353e028acb49c05cdb13fe25f23841a49630d12f8fa4870c4f90752e93,183337,figures/all_figures/fig1_observability.png,False,False,Canonical empirical asset
figures/all_figures/fig2_zscore.png,UNIQUE,eeae19d469ba007c4e156b2d65d4596857629dcd0194569d1e702440fcf265e0,186203,figures/all_figures/fig2_zscore.png,False,False,Unique primary asset
figures/all_figures/fig3_baseline.png,UNIQUE,b01d1a36afd8ef9f14b7fff303da8f256c36bfd6afee27425c4e8981cefa915f,195781,figures/all_figures/fig3_baseline.png,False,False,Unique primary asset
figures/all_figures/fig4_2_latency_timeline_c64.png,DUP_GROUP_106,3c94fa071a6537355d4d6661c89482b709b594b0a3e6b0c3feb423cca0d193b6,85187,figures/all_figures/fig4_2_latency_timeline_c64.png,False,False,Canonical empirical asset
figures/all_figures/fig4_3_fault_phase_cdf.png,DUP_GROUP_108,0d515fc95f44c3680347eaad275eda4c8df1f4cc34af74086f3f952de87a2da5,50961,figures/all_figures/fig4_3_fault_phase_cdf.png,False,False,Canonical empirical asset
figures/all_figures/fig_mobilebert_fault_phase_cdf.png,DUP_GROUP_109,69fe9001f97ebaf6f956cf79244d8066bd3e629cf6d35764ad22f5642f0c6456,105209,figures/all_figures/fig_mobilebert_fault_phase_cdf.png,False,False,Canonical empirical asset
figures/all_figures/fig_mobilebert_timeline_c128.png,DUP_GROUP_107,ac5902a77ede313662d939ae57b8af49a8a22c6ed9da67f745be5627d79be565,158725,figures/all_figures/fig_mobilebert_timeline_c128.png,False,False,Canonical empirical asset
figures/all_figures/fig_zscore_trigger_clean.png,DUP_GROUP_112,d06e49fcf3b83400b1f691304cc5517473ecdb56e2626fe8359131ded5c77dd6,428511,figures/all_figures/fig_zscore_trigger_clean.png,False,False,Canonical empirical asset
figures/all_figures/gray_failure_analysis_dual_nodes.png,UNIQUE,21da2b92dd62d76f13a11fe9a17733b689e95db34fe427d632d50af963608991,430577,figures/all_figures/gray_failure_analysis_dual_nodes.png,False,False,Unique primary asset
figures/all_figures/latency_cdf_05.png,DUP_GROUP_097,2ee4f6bcc1da9e1fb9cb8cea55edb37fc4f37b3431151c37d5ac483962efc07f,246958,figures/all_figures/latency_cdf_05.png,False,False,Canonical empirical asset
figures/all_figures/summary_latency_rps.png,UNIQUE,aaa07d6c98e64ed37cc80c78c3211467616090160550c856be032b15eafc0e3a,22822,figures/all_figures/summary_latency_rps.png,False,False,Unique primary asset
figures/all_figures/timeline_primary.png,UNIQUE,1f612a32e49f91d1d6107e061908ae297064844d6666037627c148f699649443,52326,figures/all_figures/timeline_primary.png,False,False,Unique primary asset
figures/all_figures/timeline_zoom_fault.png,UNIQUE,3d007ecfd03ea44331ca3fe4bb0f506cf56f1170058e800a04fde3a0161f785d,339841,figures/all_figures/timeline_zoom_fault.png,False,False,Unique primary asset
