old_commit_sha,new_commit_sha,affected_ref
03fbd6509f938f8f84265457b3ccb9ab1e753844,aa13510efc242112ec343212402bf10d707a5592,audit/gray-failure-repository-cleanup
0449b276e9d7b15ab000ad63bffa6237af19ad59,41d8beeef3e87b9e9c6d726dac8a38b8321b1f8f,audit/gray-failure-repository-cleanup
1279335e2bbfc62089eacf3da97194370bece7fb,8cc56e3dc6c7f8763e076756ea5a86b8b40a9179,audit/gray-failure-repository-cleanup
17f47b201eafe29c6c461b85948682548262d98c,14bf7c511b86e7573dda67f0d3d0fa7a32b338b2,audit/gray-failure-repository-cleanup
298b53be1b083a3485bab873e8c3be967e7b3cd6,6843bcb813c55db6f933fe6a0fa40598d5210ccc,audit/gray-failure-repository-cleanup
373359c915129dcc34970a214a1b34fdbce138ac,96714c2c15f9ed6ca542ae80bdb0be35675340ca,audit/gray-failure-repository-cleanup
3a70c055baa61a112bb251ee17880fa0ed52df6d,925a5c1cc08098de2848ca4bec007947103fde72,audit/gray-failure-repository-cleanup
4252962212ca87829f25ab60d32823ac3d4a1d03,56f8362c1cb8fc416664980b5a80f836271567d7,audit/gray-failure-repository-cleanup
4bd5e3cd700d2da5871559a32ffdbaf3a853a53c,250c3879a3b902162fac86a1857eb9e078c9db98,audit/gray-failure-repository-cleanup
4d59e9734f71c2bfb312ff905dce04de6449de11,cb4ad44e4a85d698de5e46af2bd4dab9346bebd2,audit/gray-failure-repository-cleanup
555e7b26380e33d7d7180bc69172a327d383680c,1da98a97e6fabd9476c708d1d0b7d5569b0d3267,audit/gray-failure-repository-cleanup
5f88584b9645960306283e829cf4ce81f625b71f,f5497fed673ccf4056145f88c0d81f4cca4ae442,audit/gray-failure-repository-cleanup
621014160ccf33fd513ffd8a66c8c7c28d96b28c,b85f84fa22411f86057a1947cf48c872f7281b2e,audit/gray-failure-repository-cleanup
64a26d20f040d2430c2edcef70821291607903b7,11f7042dda9abb26f951f3eb526f6edc7bbcbc4f,audit/gray-failure-repository-cleanup
677998c139c5afe1e43af011c7bf30333fe2c1f2,5ca4658add690f462eef86dea65c388f48957492,audit/gray-failure-repository-cleanup
69930c2f4569c555cd33ddec18bab28bc80ed041,28dc2960fce9902aababfdc4e4f679dd561a8452,audit/gray-failure-repository-cleanup
73ec0ced49427f29334add048fb9a6b1dc62e6ef,baf94503aa6d4ccb709f3fe8728658200ab53f22,audit/gray-failure-repository-cleanup
73ff63dea4cb04ddb3eb8df9fce668200ba4a220,39b06151538646b906e13feed11b365279b1c035,audit/gray-failure-repository-cleanup
7a701edd080e785f69bc1ddd1d96065c434b5055,82e39669771924c34da165fcebbb82806af41690,audit/gray-failure-repository-cleanup
856ec8817aa7f51b0f46399e07908b0c84619404,34a7372f10dcbf3273c76e2cfa58f2c32395f0c6,audit/gray-failure-repository-cleanup
8580905fbaf63e87f3d1c99cf812a39496f00425,de7052ec652f3277c59874c9ba96e31a83eee0b9,audit/gray-failure-repository-cleanup
a3b715bbaa8ab118a816e186686d87242ff71cc9,8b16d77b39e09bd38b7851a62266f93ca11997df,audit/gray-failure-repository-cleanup
a6569e99058cdf77e3eb5d916fbab3d8df98c245,9faef3f6d3529cda13aa0a1dee30041ca946de2c,audit/gray-failure-repository-cleanup
a6b7261d7cdb02ca6dd8f900eeabdf7446170fd6,4f5d3b98c10cee45f6d28ec389ef53656748b071,audit/gray-failure-repository-cleanup
b07fd6d39584cb9768f49df60dfd7ccc4125a1e3,586d3a04a5794c9ff9463af21fd217ef20d40663,audit/gray-failure-repository-cleanup
b1b865425f9ae653998ea3a285ddbd9fb6017e1c,7f81fd11eef295e6cdf48cc315a116401c18ce2c,audit/gray-failure-repository-cleanup
b6f1ac66ef891abf78564d43761958e42aaf27f7,7e3b16c1df59946bec24c7238399207d560e5b3f,audit/gray-failure-repository-cleanup
c069497fc174b18c40a54f4ddfd81bc131ffae27,fce0494007c57d7d0a29cb17d85441563456081d,audit/gray-failure-repository-cleanup
c148331aa9850432abb18bfacef2bebc0d39c6da,516d6a7c0e6e8e845fe212d9126fb4e2a16dd78c,audit/gray-failure-repository-cleanup
c3a2872f9ddbc69544448a713f085a1338e0152e,8ef147a69ef4c56f637be03eb2384eba524d4c47,audit/gray-failure-repository-cleanup
c3ebc1f1c564035972e6a3d78af3ace8b3963df8,12416b1eeee995ecf2105eee2ce39a84e33d7efc,audit/gray-failure-repository-cleanup
c5ab1107f7bddacb00b28584eb8e56cdf1410f16,71dfb0df1d996507c9e395ea028c0a1a187672d9,audit/gray-failure-repository-cleanup
cfe11efdf487763b1589747da012bfdd714b7305,73c1bac4145ef2cc0cc3083cc821793aad8304ee,audit/gray-failure-repository-cleanup
dc09ecf9bac0e43c34c12bfdc72fbaf5edea5e1a,61dc0f7cb07ff2e361a5baad17717b9c46efbc63,audit/gray-failure-repository-cleanup
df5186fbc2eed54dcbec4ef777cbcae7b409b924,8271a42ce664d4b502c9193fed1a3ebc754ff82d,audit/gray-failure-repository-cleanup
e48f68c8d134c46460d87b0331573bacdf5ea277,2d31b4dfb9c77aa25b71b4c1ba746fd188ef7121,audit/gray-failure-repository-cleanup
ebfa70c46f1dd24c349196c83ca7737af54d14da,35839f5cbabdea099b809665fbc6739ab3c6b926,audit/gray-failure-repository-cleanup
f76fb85bb0481ea37e6615c285b9efcf6b3adddc,7389a7db032f27fd9e147f2897ab37f29122db4f,audit/gray-failure-repository-cleanup
f85d3ec2d2027564f078e6b33ddf9c041f5268c5,cfc1cedd8ef46121bb936a5df0042ab53143ac35,audit/gray-failure-repository-cleanup
f8ed0f1e9f26a0eead938318b8cb269adb5e8f73,a1d539010cc9b233d5100d3c7ada4ef6d885eb56,audit/gray-failure-repository-cleanup
fc95c02a650772361328fed74cd99e23f8e1e8ef,07507868077e8be813809a3326daa4579310f836,audit/gray-failure-repository-cleanup
