Timestamp_ISO,Node,Status,Queue_Depth
2026-03-30T19:22:34.817+00:00,gpu1,UP,0
2026-03-30T19:22:34.917+00:00,gpu1,UP,0
2026-03-30T19:22:35.017+00:00,gpu1,UP,0
2026-03-30T19:22:35.117+00:00,gpu1,UP,0
2026-03-30T19:22:35.218+00:00,gpu1,UP,0
2026-03-30T19:22:35.318+00:00,gpu1,UP,0
2026-03-30T19:22:35.418+00:00,gpu1,UP,0
2026-03-30T19:22:35.518+00:00,gpu1,UP,0
2026-03-30T19:22:35.618+00:00,gpu1,UP,0
2026-03-30T19:22:35.718+00:00,gpu1,UP,0
2026-03-30T19:22:35.818+00:00,gpu1,UP,0
2026-03-30T19:22:35.919+00:00,gpu1,UP,0
2026-03-30T19:22:36.019+00:00,gpu1,UP,0
2026-03-30T19:22:36.120+00:00,gpu1,UP,0
2026-03-30T19:22:36.220+00:00,gpu1,UP,0
2026-03-30T19:22:36.320+00:00,gpu1,UP,0
2026-03-30T19:22:36.420+00:00,gpu1,UP,0
2026-03-30T19:22:36.520+00:00,gpu1,UP,0
2026-03-30T19:22:36.620+00:00,gpu1,UP,0
2026-03-30T19:22:36.720+00:00,gpu1,UP,0
2026-03-30T19:22:36.821+00:00,gpu1,UP,0
2026-03-30T19:22:36.921+00:00,gpu1,UP,0
2026-03-30T19:22:37.021+00:00,gpu1,UP,0
2026-03-30T19:22:37.121+00:00,gpu1,UP,0
2026-03-30T19:22:37.221+00:00,gpu1,UP,0
2026-03-30T19:22:37.321+00:00,gpu1,UP,0
2026-03-30T19:22:37.421+00:00,gpu1,UP,0
2026-03-30T19:22:37.522+00:00,gpu1,UP,0
2026-03-30T19:22:37.622+00:00,gpu1,UP,0
2026-03-30T19:22:37.722+00:00,gpu1,UP,0
2026-03-30T19:22:37.822+00:00,gpu1,UP,0
2026-03-30T19:22:37.922+00:00,gpu1,UP,0
2026-03-30T19:22:38.022+00:00,gpu1,UP,0
2026-03-30T19:22:38.122+00:00,gpu1,UP,0
2026-03-30T19:22:38.223+00:00,gpu1,UP,0
2026-03-30T19:22:38.323+00:00,gpu1,UP,0
2026-03-30T19:22:38.423+00:00,gpu1,UP,0
2026-03-30T19:22:38.523+00:00,gpu1,UP,0
2026-03-30T19:22:38.623+00:00,gpu1,UP,0
2026-03-30T19:22:38.723+00:00,gpu1,UP,0
2026-03-30T19:22:38.824+00:00,gpu1,UP,0
2026-03-30T19:22:38.924+00:00,gpu1,UP,0
2026-03-30T19:22:39.024+00:00,gpu1,UP,0
2026-03-30T19:22:39.124+00:00,gpu1,UP,0
2026-03-30T19:22:39.224+00:00,gpu1,UP,0
2026-03-30T19:22:39.324+00:00,gpu1,UP,0
2026-03-30T19:22:39.424+00:00,gpu1,UP,0
2026-03-30T19:22:39.525+00:00,gpu1,UP,0
2026-03-30T19:22:39.625+00:00,gpu1,UP,0
2026-03-30T19:22:39.725+00:00,gpu1,UP,0
2026-03-30T19:22:39.825+00:00,gpu1,UP,0
2026-03-30T19:22:39.925+00:00,gpu1,UP,0
2026-03-30T19:22:40.025+00:00,gpu1,UP,0
2026-03-30T19:22:40.125+00:00,gpu1,UP,0
2026-03-30T19:22:40.226+00:00,gpu1,UP,0
2026-03-30T19:22:40.326+00:00,gpu1,UP,0
2026-03-30T19:22:40.426+00:00,gpu1,UP,0
2026-03-30T19:22:40.526+00:00,gpu1,UP,0
2026-03-30T19:22:40.626+00:00,gpu1,UP,0
2026-03-30T19:22:40.726+00:00,gpu1,UP,0
2026-03-30T19:22:40.826+00:00,gpu1,UP,0
2026-03-30T19:22:40.926+00:00,gpu1,UP,0
2026-03-30T19:22:41.027+00:00,gpu1,UP,0
2026-03-30T19:22:41.127+00:00,gpu1,UP,0
2026-03-30T19:22:41.227+00:00,gpu1,UP,0
2026-03-30T19:22:41.327+00:00,gpu1,UP,0
2026-03-30T19:22:41.427+00:00,gpu1,UP,0
2026-03-30T19:22:41.527+00:00,gpu1,UP,0
2026-03-30T19:22:41.627+00:00,gpu1,UP,0
2026-03-30T19:22:41.728+00:00,gpu1,UP,0
2026-03-30T19:22:41.828+00:00,gpu1,UP,0
2026-03-30T19:22:41.928+00:00,gpu1,UP,0
2026-03-30T19:22:42.028+00:00,gpu1,UP,0
2026-03-30T19:22:42.128+00:00,gpu1,UP,0
2026-03-30T19:22:42.228+00:00,gpu1,UP,0
2026-03-30T19:22:42.328+00:00,gpu1,UP,0
2026-03-30T19:22:42.429+00:00,gpu1,UP,0
2026-03-30T19:22:42.529+00:00,gpu1,UP,0
2026-03-30T19:22:42.629+00:00,gpu1,UP,0
2026-03-30T19:22:42.729+00:00,gpu1,UP,0
2026-03-30T19:22:42.829+00:00,gpu1,UP,0
2026-03-30T19:22:42.929+00:00,gpu1,UP,0
2026-03-30T19:22:43.029+00:00,gpu1,UP,0
2026-03-30T19:22:43.130+00:00,gpu1,UP,0
2026-03-30T19:22:43.230+00:00,gpu1,UP,0
2026-03-30T19:22:43.330+00:00,gpu1,UP,0
2026-03-30T19:22:43.430+00:00,gpu1,UP,0
2026-03-30T19:22:43.530+00:00,gpu1,UP,0
2026-03-30T19:22:43.630+00:00,gpu1,UP,0
2026-03-30T19:22:43.731+00:00,gpu1,UP,0
2026-03-30T19:22:43.831+00:00,gpu1,UP,0
2026-03-30T19:22:43.932+00:00,gpu1,UP,0
2026-03-30T19:22:44.032+00:00,gpu1,UP,0
2026-03-30T19:22:44.132+00:00,gpu1,UP,0
2026-03-30T19:22:44.232+00:00,gpu1,UP,0
2026-03-30T19:22:44.332+00:00,gpu1,UP,0
2026-03-30T19:22:44.432+00:00,gpu1,UP,0
2026-03-30T19:22:44.532+00:00,gpu1,UP,0
2026-03-30T19:22:44.632+00:00,gpu1,UP,0
2026-03-30T19:22:44.733+00:00,gpu1,UP,0
2026-03-30T19:22:44.833+00:00,gpu1,UP,0
2026-03-30T19:22:44.933+00:00,gpu1,UP,0
2026-03-30T19:22:45.033+00:00,gpu1,UP,0
2026-03-30T19:22:45.133+00:00,gpu1,UP,0
2026-03-30T19:22:45.233+00:00,gpu1,UP,0
2026-03-30T19:22:45.333+00:00,gpu1,UP,0
2026-03-30T19:22:45.433+00:00,gpu1,UP,0
2026-03-30T19:22:45.534+00:00,gpu1,UP,0
2026-03-30T19:22:45.634+00:00,gpu1,UP,0
2026-03-30T19:22:45.734+00:00,gpu1,UP,0
2026-03-30T19:22:45.834+00:00,gpu1,UP,0
2026-03-30T19:22:45.934+00:00,gpu1,UP,0
2026-03-30T19:22:46.034+00:00,gpu1,UP,0
2026-03-30T19:22:46.134+00:00,gpu1,UP,0
2026-03-30T19:22:46.235+00:00,gpu1,UP,0
2026-03-30T19:22:46.335+00:00,gpu1,UP,0
2026-03-30T19:22:46.435+00:00,gpu1,UP,0
2026-03-30T19:22:46.535+00:00,gpu1,UP,0
2026-03-30T19:22:46.635+00:00,gpu1,UP,0
2026-03-30T19:22:46.735+00:00,gpu1,UP,0
2026-03-30T19:22:46.835+00:00,gpu1,UP,0
2026-03-30T19:22:46.935+00:00,gpu1,UP,0
2026-03-30T19:22:47.036+00:00,gpu1,UP,0
2026-03-30T19:22:47.136+00:00,gpu1,UP,0
2026-03-30T19:22:47.236+00:00,gpu1,UP,0
2026-03-30T19:22:47.336+00:00,gpu1,UP,0
2026-03-30T19:22:47.436+00:00,gpu1,UP,0
2026-03-30T19:22:47.536+00:00,gpu1,UP,0
2026-03-30T19:22:47.636+00:00,gpu1,UP,0
2026-03-30T19:22:47.736+00:00,gpu1,UP,0
2026-03-30T19:22:47.837+00:00,gpu1,UP,0
2026-03-30T19:22:47.937+00:00,gpu1,UP,0
2026-03-30T19:22:48.037+00:00,gpu1,UP,0
2026-03-30T19:22:48.137+00:00,gpu1,UP,0
2026-03-30T19:22:48.237+00:00,gpu1,UP,0
2026-03-30T19:22:48.337+00:00,gpu1,UP,0
2026-03-30T19:22:48.437+00:00,gpu1,UP,0
2026-03-30T19:22:48.538+00:00,gpu1,UP,0
2026-03-30T19:22:48.638+00:00,gpu1,UP,0
2026-03-30T19:22:48.738+00:00,gpu1,UP,0
2026-03-30T19:22:48.838+00:00,gpu1,UP,0
2026-03-30T19:22:48.938+00:00,gpu1,UP,0
2026-03-30T19:22:49.038+00:00,gpu1,UP,0
2026-03-30T19:22:49.138+00:00,gpu1,UP,0
2026-03-30T19:22:49.238+00:00,gpu1,UP,0
2026-03-30T19:22:49.339+00:00,gpu1,UP,0
2026-03-30T19:22:49.439+00:00,gpu1,UP,0
2026-03-30T19:22:49.539+00:00,gpu1,UP,0
2026-03-30T19:22:49.639+00:00,gpu1,UP,0
2026-03-30T19:22:49.739+00:00,gpu1,UP,0
2026-03-30T19:22:49.839+00:00,gpu1,UP,0
2026-03-30T19:22:49.939+00:00,gpu1,UP,0
2026-03-30T19:22:50.039+00:00,gpu1,UP,0
2026-03-30T19:22:50.140+00:00,gpu1,UP,0
2026-03-30T19:22:50.240+00:00,gpu1,UP,0
2026-03-30T19:22:50.340+00:00,gpu1,UP,0
2026-03-30T19:22:50.440+00:00,gpu1,UP,0
2026-03-30T19:22:50.540+00:00,gpu1,UP,0
2026-03-30T19:22:50.640+00:00,gpu1,UP,0
2026-03-30T19:22:50.740+00:00,gpu1,UP,0
2026-03-30T19:22:50.841+00:00,gpu1,UP,0
2026-03-30T19:22:50.941+00:00,gpu1,UP,0
2026-03-30T19:22:51.041+00:00,gpu1,UP,0
2026-03-30T19:22:51.141+00:00,gpu1,UP,0
2026-03-30T19:22:51.241+00:00,gpu1,UP,0
2026-03-30T19:22:51.341+00:00,gpu1,UP,0
2026-03-30T19:22:51.441+00:00,gpu1,UP,0
2026-03-30T19:22:51.542+00:00,gpu1,UP,0
2026-03-30T19:22:51.642+00:00,gpu1,UP,0
2026-03-30T19:22:51.742+00:00,gpu1,UP,0
2026-03-30T19:22:51.842+00:00,gpu1,UP,0
2026-03-30T19:22:51.942+00:00,gpu1,UP,0
2026-03-30T19:22:52.042+00:00,gpu1,UP,0
2026-03-30T19:22:52.142+00:00,gpu1,UP,0
2026-03-30T19:22:52.243+00:00,gpu1,UP,0
2026-03-30T19:22:52.343+00:00,gpu1,UP,0
2026-03-30T19:22:52.443+00:00,gpu1,UP,0
2026-03-30T19:22:52.543+00:00,gpu1,UP,0
2026-03-30T19:22:52.643+00:00,gpu1,UP,0
2026-03-30T19:22:52.743+00:00,gpu1,UP,0
2026-03-30T19:22:52.843+00:00,gpu1,UP,0
2026-03-30T19:22:52.944+00:00,gpu1,UP,0
2026-03-30T19:22:53.044+00:00,gpu1,UP,0
2026-03-30T19:22:53.144+00:00,gpu1,UP,0
2026-03-30T19:22:53.244+00:00,gpu1,UP,0
2026-03-30T19:22:53.344+00:00,gpu1,UP,0
2026-03-30T19:22:53.444+00:00,gpu1,UP,0
2026-03-30T19:22:53.544+00:00,gpu1,UP,0
2026-03-30T19:22:53.645+00:00,gpu1,UP,0
2026-03-30T19:22:53.745+00:00,gpu1,UP,0
2026-03-30T19:22:53.845+00:00,gpu1,UP,0
2026-03-30T19:22:53.945+00:00,gpu1,UP,0
2026-03-30T19:22:54.045+00:00,gpu1,UP,0
2026-03-30T19:22:54.145+00:00,gpu1,UP,0
2026-03-30T19:22:54.245+00:00,gpu1,UP,0
2026-03-30T19:22:54.346+00:00,gpu1,UP,0
2026-03-30T19:22:54.446+00:00,gpu1,UP,0
2026-03-30T19:22:54.546+00:00,gpu1,UP,0
2026-03-30T19:22:54.646+00:00,gpu1,UP,0
2026-03-30T19:22:54.746+00:00,gpu1,UP,0
2026-03-30T19:22:54.846+00:00,gpu1,UP,0
2026-03-30T19:22:54.946+00:00,gpu1,UP,0
2026-03-30T19:22:55.046+00:00,gpu1,UP,0
2026-03-30T19:22:55.147+00:00,gpu1,UP,0
2026-03-30T19:22:55.247+00:00,gpu1,UP,0
2026-03-30T19:22:55.347+00:00,gpu1,UP,0
2026-03-30T19:22:55.447+00:00,gpu1,UP,0
2026-03-30T19:22:55.547+00:00,gpu1,UP,0
2026-03-30T19:22:55.647+00:00,gpu1,UP,0
2026-03-30T19:22:55.747+00:00,gpu1,UP,0
2026-03-30T19:22:55.848+00:00,gpu1,UP,0
2026-03-30T19:22:55.948+00:00,gpu1,UP,0
2026-03-30T19:22:56.048+00:00,gpu1,UP,0
2026-03-30T19:22:56.148+00:00,gpu1,UP,0
2026-03-30T19:22:56.248+00:00,gpu1,UP,0
2026-03-30T19:22:56.348+00:00,gpu1,UP,0
2026-03-30T19:22:56.448+00:00,gpu1,UP,0
2026-03-30T19:22:56.549+00:00,gpu1,UP,0
2026-03-30T19:22:56.649+00:00,gpu1,UP,0
2026-03-30T19:22:56.749+00:00,gpu1,UP,0
2026-03-30T19:22:56.849+00:00,gpu1,UP,0
2026-03-30T19:22:56.949+00:00,gpu1,UP,0
2026-03-30T19:22:57.049+00:00,gpu1,UP,0
2026-03-30T19:22:57.149+00:00,gpu1,UP,0
2026-03-30T19:22:57.250+00:00,gpu1,UP,0
2026-03-30T19:22:57.350+00:00,gpu1,UP,0
2026-03-30T19:22:57.450+00:00,gpu1,UP,0
2026-03-30T19:22:57.550+00:00,gpu1,UP,0
2026-03-30T19:22:57.650+00:00,gpu1,UP,0
2026-03-30T19:22:57.750+00:00,gpu1,UP,0
2026-03-30T19:22:57.850+00:00,gpu1,UP,0
2026-03-30T19:22:57.950+00:00,gpu1,UP,0
2026-03-30T19:22:58.051+00:00,gpu1,UP,0
2026-03-30T19:22:58.151+00:00,gpu1,UP,0
2026-03-30T19:22:58.251+00:00,gpu1,UP,0
2026-03-30T19:22:58.351+00:00,gpu1,UP,0
2026-03-30T19:22:58.451+00:00,gpu1,UP,0
2026-03-30T19:22:58.551+00:00,gpu1,UP,0
2026-03-30T19:22:58.651+00:00,gpu1,UP,0
2026-03-30T19:22:58.752+00:00,gpu1,UP,0
2026-03-30T19:22:58.852+00:00,gpu1,UP,0
2026-03-30T19:22:58.952+00:00,gpu1,UP,0
2026-03-30T19:22:59.052+00:00,gpu1,UP,0
2026-03-30T19:22:59.152+00:00,gpu1,UP,0
2026-03-30T19:22:59.252+00:00,gpu1,UP,0
2026-03-30T19:22:59.352+00:00,gpu1,UP,0
2026-03-30T19:22:59.452+00:00,gpu1,UP,0
2026-03-30T19:22:59.553+00:00,gpu1,UP,0
2026-03-30T19:22:59.653+00:00,gpu1,UP,0
2026-03-30T19:22:59.753+00:00,gpu1,UP,0
2026-03-30T19:22:59.853+00:00,gpu1,UP,0
2026-03-30T19:22:59.953+00:00,gpu1,UP,0
2026-03-30T19:23:00.053+00:00,gpu1,UP,0
2026-03-30T19:23:00.153+00:00,gpu1,UP,0
2026-03-30T19:23:00.254+00:00,gpu1,UP,0
2026-03-30T19:23:00.354+00:00,gpu1,UP,0
2026-03-30T19:23:00.454+00:00,gpu1,UP,0
2026-03-30T19:23:00.554+00:00,gpu1,UP,0
2026-03-30T19:23:00.654+00:00,gpu1,UP,0
2026-03-30T19:23:00.754+00:00,gpu1,UP,0
2026-03-30T19:23:00.854+00:00,gpu1,UP,0
2026-03-30T19:23:00.955+00:00,gpu1,UP,0
2026-03-30T19:23:01.055+00:00,gpu1,UP,0
2026-03-30T19:23:01.155+00:00,gpu1,UP,0
2026-03-30T19:23:01.255+00:00,gpu1,UP,0
2026-03-30T19:23:01.355+00:00,gpu1,UP,0
2026-03-30T19:23:01.455+00:00,gpu1,UP,0
2026-03-30T19:23:01.555+00:00,gpu1,UP,0
2026-03-30T19:23:01.656+00:00,gpu1,UP,0
2026-03-30T19:23:01.756+00:00,gpu1,UP,0
2026-03-30T19:23:01.856+00:00,gpu1,UP,0
2026-03-30T19:23:01.956+00:00,gpu1,UP,0
2026-03-30T19:23:02.056+00:00,gpu1,UP,0
2026-03-30T19:23:02.156+00:00,gpu1,UP,0
2026-03-30T19:23:02.256+00:00,gpu1,UP,0
2026-03-30T19:23:02.357+00:00,gpu1,UP,0
2026-03-30T19:23:02.457+00:00,gpu1,UP,0
2026-03-30T19:23:02.557+00:00,gpu1,UP,0
2026-03-30T19:23:02.657+00:00,gpu1,UP,0
2026-03-30T19:23:02.757+00:00,gpu1,UP,0
2026-03-30T19:23:02.857+00:00,gpu1,UP,0
2026-03-30T19:23:02.957+00:00,gpu1,UP,0
2026-03-30T19:23:03.058+00:00,gpu1,UP,0
2026-03-30T19:23:03.158+00:00,gpu1,UP,0
2026-03-30T19:23:03.258+00:00,gpu1,UP,0
2026-03-30T19:23:03.358+00:00,gpu1,UP,0
2026-03-30T19:23:03.458+00:00,gpu1,UP,0
2026-03-30T19:23:03.559+00:00,gpu1,UP,0
2026-03-30T19:23:03.659+00:00,gpu1,UP,0
2026-03-30T19:23:03.759+00:00,gpu1,UP,0
2026-03-30T19:23:03.859+00:00,gpu1,UP,0
2026-03-30T19:23:03.959+00:00,gpu1,UP,0
2026-03-30T19:23:04.060+00:00,gpu1,UP,0
2026-03-30T19:23:04.160+00:00,gpu1,UP,0
2026-03-30T19:23:04.260+00:00,gpu1,UP,0
2026-03-30T19:23:04.360+00:00,gpu1,UP,0
2026-03-30T19:23:04.460+00:00,gpu1,UP,0
2026-03-30T19:23:04.560+00:00,gpu1,UP,0
2026-03-30T19:23:04.661+00:00,gpu1,UP,0
2026-03-30T19:23:04.761+00:00,gpu1,UP,0
2026-03-30T19:23:04.861+00:00,gpu1,UP,0
2026-03-30T19:23:04.961+00:00,gpu1,UP,0
2026-03-30T19:23:05.061+00:00,gpu1,UP,0
2026-03-30T19:23:05.161+00:00,gpu1,UP,0
2026-03-30T19:23:05.261+00:00,gpu1,UP,0
2026-03-30T19:23:05.362+00:00,gpu1,UP,0
2026-03-30T19:23:05.462+00:00,gpu1,UP,0
2026-03-30T19:23:05.562+00:00,gpu1,UP,0
2026-03-30T19:23:05.662+00:00,gpu1,UP,0
2026-03-30T19:23:05.762+00:00,gpu1,UP,0
2026-03-30T19:23:05.862+00:00,gpu1,UP,0
2026-03-30T19:23:05.963+00:00,gpu1,UP,0
2026-03-30T19:23:06.063+00:00,gpu1,UP,0
2026-03-30T19:23:06.163+00:00,gpu1,UP,0
2026-03-30T19:23:06.263+00:00,gpu1,UP,0
2026-03-30T19:23:06.363+00:00,gpu1,UP,0
2026-03-30T19:23:06.463+00:00,gpu1,UP,0
2026-03-30T19:23:06.563+00:00,gpu1,UP,0
2026-03-30T19:23:06.663+00:00,gpu1,UP,0
2026-03-30T19:23:06.764+00:00,gpu1,UP,0
2026-03-30T19:23:06.864+00:00,gpu1,UP,0
2026-03-30T19:23:06.964+00:00,gpu1,UP,0
2026-03-30T19:23:07.064+00:00,gpu1,UP,0
2026-03-30T19:23:07.164+00:00,gpu1,UP,0
2026-03-30T19:23:07.264+00:00,gpu1,UP,0
2026-03-30T19:23:07.364+00:00,gpu1,UP,0
2026-03-30T19:23:07.465+00:00,gpu1,UP,0
2026-03-30T19:23:07.565+00:00,gpu1,UP,0
2026-03-30T19:23:07.665+00:00,gpu1,UP,0
2026-03-30T19:23:07.765+00:00,gpu1,UP,0
2026-03-30T19:23:07.865+00:00,gpu1,UP,0
2026-03-30T19:23:07.965+00:00,gpu1,UP,0
2026-03-30T19:23:08.065+00:00,gpu1,UP,0
2026-03-30T19:23:08.166+00:00,gpu1,UP,0
2026-03-30T19:23:08.266+00:00,gpu1,UP,0
2026-03-30T19:23:08.366+00:00,gpu1,UP,0
2026-03-30T19:23:08.466+00:00,gpu1,UP,0
2026-03-30T19:23:08.566+00:00,gpu1,UP,0
2026-03-30T19:23:08.666+00:00,gpu1,UP,0
2026-03-30T19:23:08.766+00:00,gpu1,UP,0
2026-03-30T19:23:08.866+00:00,gpu1,UP,0
2026-03-30T19:23:08.967+00:00,gpu1,UP,0
2026-03-30T19:23:09.067+00:00,gpu1,UP,0
2026-03-30T19:23:09.167+00:00,gpu1,UP,0
2026-03-30T19:23:09.267+00:00,gpu1,UP,0
2026-03-30T19:23:09.367+00:00,gpu1,UP,0
2026-03-30T19:23:09.467+00:00,gpu1,UP,0
2026-03-30T19:23:09.568+00:00,gpu1,UP,0
2026-03-30T19:23:09.668+00:00,gpu1,UP,0
2026-03-30T19:23:09.768+00:00,gpu1,UP,0
2026-03-30T19:23:09.868+00:00,gpu1,UP,0
2026-03-30T19:23:09.968+00:00,gpu1,UP,0
2026-03-30T19:23:10.068+00:00,gpu1,UP,0
2026-03-30T19:23:10.168+00:00,gpu1,UP,0
2026-03-30T19:23:10.269+00:00,gpu1,UP,0
2026-03-30T19:23:10.369+00:00,gpu1,UP,0
2026-03-30T19:23:10.469+00:00,gpu1,UP,0
2026-03-30T19:23:10.569+00:00,gpu1,UP,0
2026-03-30T19:23:10.669+00:00,gpu1,UP,0
2026-03-30T19:23:10.769+00:00,gpu1,UP,0
2026-03-30T19:23:10.869+00:00,gpu1,UP,0
2026-03-30T19:23:10.970+00:00,gpu1,UP,0
2026-03-30T19:23:11.070+00:00,gpu1,UP,0
2026-03-30T19:23:11.170+00:00,gpu1,UP,0
2026-03-30T19:23:11.270+00:00,gpu1,UP,0
2026-03-30T19:23:11.370+00:00,gpu1,UP,0
2026-03-30T19:23:11.470+00:00,gpu1,UP,0
2026-03-30T19:23:11.571+00:00,gpu1,UP,0
2026-03-30T19:23:11.671+00:00,gpu1,UP,0
2026-03-30T19:23:11.771+00:00,gpu1,UP,0
2026-03-30T19:23:11.871+00:00,gpu1,UP,0
2026-03-30T19:23:11.971+00:00,gpu1,UP,0
2026-03-30T19:23:12.071+00:00,gpu1,UP,0
2026-03-30T19:23:12.171+00:00,gpu1,UP,0
2026-03-30T19:23:12.271+00:00,gpu1,UP,0
2026-03-30T19:23:12.372+00:00,gpu1,UP,0
2026-03-30T19:23:12.472+00:00,gpu1,UP,0
2026-03-30T19:23:12.572+00:00,gpu1,UP,0
2026-03-30T19:23:12.672+00:00,gpu1,UP,0
2026-03-30T19:23:12.772+00:00,gpu1,UP,0
2026-03-30T19:23:12.872+00:00,gpu1,UP,0
2026-03-30T19:23:12.972+00:00,gpu1,UP,0
2026-03-30T19:23:13.073+00:00,gpu1,UP,0
2026-03-30T19:23:13.173+00:00,gpu1,UP,0
2026-03-30T19:23:13.273+00:00,gpu1,UP,0
2026-03-30T19:23:13.373+00:00,gpu1,UP,0
2026-03-30T19:23:13.473+00:00,gpu1,UP,0
2026-03-30T19:23:13.573+00:00,gpu1,UP,0
2026-03-30T19:23:13.673+00:00,gpu1,UP,0
2026-03-30T19:23:13.774+00:00,gpu1,UP,0
2026-03-30T19:23:13.874+00:00,gpu1,UP,0
2026-03-30T19:23:13.974+00:00,gpu1,UP,0
2026-03-30T19:23:14.074+00:00,gpu1,UP,0
2026-03-30T19:23:14.174+00:00,gpu1,UP,0
2026-03-30T19:23:14.274+00:00,gpu1,UP,0
2026-03-30T19:23:14.374+00:00,gpu1,UP,0
2026-03-30T19:23:14.475+00:00,gpu1,UP,0
2026-03-30T19:23:14.575+00:00,gpu1,UP,0
2026-03-30T19:23:14.675+00:00,gpu1,UP,0
2026-03-30T19:23:14.775+00:00,gpu1,UP,0
2026-03-30T19:23:14.875+00:00,gpu1,UP,0
2026-03-30T19:23:14.975+00:00,gpu1,UP,0
2026-03-30T19:23:15.075+00:00,gpu1,UP,0
2026-03-30T19:23:15.176+00:00,gpu1,UP,0
2026-03-30T19:23:15.276+00:00,gpu1,UP,0
2026-03-30T19:23:15.376+00:00,gpu1,UP,0
2026-03-30T19:23:15.476+00:00,gpu1,UP,0
2026-03-30T19:23:15.576+00:00,gpu1,UP,0
2026-03-30T19:23:15.676+00:00,gpu1,UP,0
2026-03-30T19:23:15.776+00:00,gpu1,UP,0
2026-03-30T19:23:15.877+00:00,gpu1,UP,0
2026-03-30T19:23:15.977+00:00,gpu1,UP,0
2026-03-30T19:23:16.077+00:00,gpu1,UP,0
2026-03-30T19:23:16.177+00:00,gpu1,UP,0
2026-03-30T19:23:16.277+00:00,gpu1,UP,0
2026-03-30T19:23:16.377+00:00,gpu1,UP,0
2026-03-30T19:23:16.477+00:00,gpu1,UP,0
2026-03-30T19:23:16.578+00:00,gpu1,UP,0
2026-03-30T19:23:16.678+00:00,gpu1,UP,0
2026-03-30T19:23:16.778+00:00,gpu1,UP,0
2026-03-30T19:23:16.878+00:00,gpu1,UP,0
2026-03-30T19:23:16.978+00:00,gpu1,UP,0
2026-03-30T19:23:17.078+00:00,gpu1,UP,0
2026-03-30T19:23:17.178+00:00,gpu1,UP,0
2026-03-30T19:23:17.279+00:00,gpu1,UP,0
2026-03-30T19:23:17.379+00:00,gpu1,UP,0
2026-03-30T19:23:17.479+00:00,gpu1,UP,0
2026-03-30T19:23:17.579+00:00,gpu1,UP,0
2026-03-30T19:23:17.679+00:00,gpu1,UP,0
2026-03-30T19:23:17.779+00:00,gpu1,UP,0
2026-03-30T19:23:17.879+00:00,gpu1,UP,0
2026-03-30T19:23:17.980+00:00,gpu1,UP,0
2026-03-30T19:23:18.080+00:00,gpu1,UP,0
2026-03-30T19:23:18.180+00:00,gpu1,UP,0
2026-03-30T19:23:18.280+00:00,gpu1,UP,0
2026-03-30T19:23:18.380+00:00,gpu1,UP,0
2026-03-30T19:23:18.480+00:00,gpu1,UP,0
2026-03-30T19:23:18.581+00:00,gpu1,UP,0
2026-03-30T19:23:18.681+00:00,gpu1,UP,0
2026-03-30T19:23:18.781+00:00,gpu1,UP,0
2026-03-30T19:23:18.881+00:00,gpu1,UP,0
2026-03-30T19:23:18.981+00:00,gpu1,UP,0
2026-03-30T19:23:19.081+00:00,gpu1,UP,0
2026-03-30T19:23:19.181+00:00,gpu1,UP,0
2026-03-30T19:23:19.282+00:00,gpu1,UP,0
2026-03-30T19:23:19.382+00:00,gpu1,UP,0
2026-03-30T19:23:19.482+00:00,gpu1,UP,0
2026-03-30T19:23:19.582+00:00,gpu1,UP,0
2026-03-30T19:23:19.682+00:00,gpu1,UP,0
2026-03-30T19:23:19.782+00:00,gpu1,UP,0
2026-03-30T19:23:19.882+00:00,gpu1,UP,0
2026-03-30T19:23:19.983+00:00,gpu1,UP,0
2026-03-30T19:23:20.083+00:00,gpu1,UP,0
2026-03-30T19:23:20.183+00:00,gpu1,UP,0
2026-03-30T19:23:20.283+00:00,gpu1,UP,0
2026-03-30T19:23:20.383+00:00,gpu1,UP,0
2026-03-30T19:23:20.483+00:00,gpu1,UP,0
2026-03-30T19:23:20.583+00:00,gpu1,UP,0
2026-03-30T19:23:20.684+00:00,gpu1,UP,0
2026-03-30T19:23:20.784+00:00,gpu1,UP,0
2026-03-30T19:23:20.884+00:00,gpu1,UP,0
2026-03-30T19:23:20.984+00:00,gpu1,UP,0
2026-03-30T19:23:21.084+00:00,gpu1,UP,0
2026-03-30T19:23:21.184+00:00,gpu1,UP,0
2026-03-30T19:23:21.284+00:00,gpu1,UP,0
2026-03-30T19:23:21.385+00:00,gpu1,UP,0
2026-03-30T19:23:21.485+00:00,gpu1,UP,0
2026-03-30T19:23:21.585+00:00,gpu1,UP,0
2026-03-30T19:23:21.685+00:00,gpu1,UP,0
2026-03-30T19:23:21.785+00:00,gpu1,UP,0
2026-03-30T19:23:21.885+00:00,gpu1,UP,0
2026-03-30T19:23:21.985+00:00,gpu1,UP,0
2026-03-30T19:23:22.085+00:00,gpu1,UP,0
2026-03-30T19:23:22.186+00:00,gpu1,UP,0
2026-03-30T19:23:22.286+00:00,gpu1,UP,0
2026-03-30T19:23:22.386+00:00,gpu1,UP,0
2026-03-30T19:23:22.486+00:00,gpu1,UP,0
2026-03-30T19:23:22.586+00:00,gpu1,UP,0
2026-03-30T19:23:22.686+00:00,gpu1,UP,0
2026-03-30T19:23:22.787+00:00,gpu1,UP,0
2026-03-30T19:23:22.887+00:00,gpu1,UP,0
2026-03-30T19:23:22.987+00:00,gpu1,UP,0
2026-03-30T19:23:23.087+00:00,gpu1,UP,0
2026-03-30T19:23:23.187+00:00,gpu1,UP,0
2026-03-30T19:23:23.287+00:00,gpu1,UP,0
2026-03-30T19:23:23.387+00:00,gpu1,UP,0
2026-03-30T19:23:23.488+00:00,gpu1,UP,0
2026-03-30T19:23:23.588+00:00,gpu1,UP,0
2026-03-30T19:23:23.688+00:00,gpu1,UP,0
2026-03-30T19:23:23.788+00:00,gpu1,UP,0
2026-03-30T19:23:23.888+00:00,gpu1,UP,0
2026-03-30T19:23:23.988+00:00,gpu1,UP,0
2026-03-30T19:23:24.088+00:00,gpu1,UP,0
2026-03-30T19:23:24.189+00:00,gpu1,UP,0
2026-03-30T19:23:24.289+00:00,gpu1,UP,0
2026-03-30T19:23:24.389+00:00,gpu1,UP,0
2026-03-30T19:23:24.489+00:00,gpu1,UP,0
2026-03-30T19:23:24.589+00:00,gpu1,UP,0
2026-03-30T19:23:24.689+00:00,gpu1,UP,0
2026-03-30T19:23:24.789+00:00,gpu1,UP,0
2026-03-30T19:23:24.890+00:00,gpu1,UP,0
2026-03-30T19:23:24.990+00:00,gpu1,UP,0
2026-03-30T19:23:25.090+00:00,gpu1,UP,0
2026-03-30T19:23:25.190+00:00,gpu1,UP,0
2026-03-30T19:23:25.290+00:00,gpu1,UP,0
2026-03-30T19:23:25.390+00:00,gpu1,UP,0
2026-03-30T19:23:25.490+00:00,gpu1,UP,0
2026-03-30T19:23:25.591+00:00,gpu1,UP,0
2026-03-30T19:23:25.691+00:00,gpu1,UP,0
2026-03-30T19:23:25.791+00:00,gpu1,UP,0
2026-03-30T19:23:25.891+00:00,gpu1,UP,0
2026-03-30T19:23:25.991+00:00,gpu1,UP,0
2026-03-30T19:23:26.091+00:00,gpu1,UP,0
2026-03-30T19:23:26.192+00:00,gpu1,UP,0
2026-03-30T19:23:26.292+00:00,gpu1,UP,0
2026-03-30T19:23:26.392+00:00,gpu1,UP,0
2026-03-30T19:23:26.492+00:00,gpu1,UP,0
2026-03-30T19:23:26.592+00:00,gpu1,UP,0
2026-03-30T19:23:26.692+00:00,gpu1,UP,0
2026-03-30T19:23:26.792+00:00,gpu1,UP,0
2026-03-30T19:23:26.893+00:00,gpu1,UP,0
2026-03-30T19:23:26.993+00:00,gpu1,UP,0
2026-03-30T19:23:27.093+00:00,gpu1,UP,0
2026-03-30T19:23:27.193+00:00,gpu1,UP,0
2026-03-30T19:23:27.293+00:00,gpu1,UP,0
2026-03-30T19:23:27.393+00:00,gpu1,UP,0
2026-03-30T19:23:27.494+00:00,gpu1,UP,0
2026-03-30T19:23:27.594+00:00,gpu1,UP,0
2026-03-30T19:23:27.694+00:00,gpu1,UP,0
2026-03-30T19:23:27.794+00:00,gpu1,UP,0
2026-03-30T19:23:27.894+00:00,gpu1,UP,0
2026-03-30T19:23:27.994+00:00,gpu1,UP,0
2026-03-30T19:23:28.094+00:00,gpu1,UP,0
2026-03-30T19:23:28.194+00:00,gpu1,UP,0
2026-03-30T19:23:28.295+00:00,gpu1,UP,0
2026-03-30T19:23:28.395+00:00,gpu1,UP,0
2026-03-30T19:23:28.495+00:00,gpu1,UP,0
2026-03-30T19:23:28.595+00:00,gpu1,UP,0
2026-03-30T19:23:28.695+00:00,gpu1,UP,0
2026-03-30T19:23:28.795+00:00,gpu1,UP,0
2026-03-30T19:23:28.895+00:00,gpu1,UP,0
2026-03-30T19:23:28.996+00:00,gpu1,UP,0
2026-03-30T19:23:29.096+00:00,gpu1,UP,0
2026-03-30T19:23:29.196+00:00,gpu1,UP,0
2026-03-30T19:23:29.296+00:00,gpu1,UP,0
2026-03-30T19:23:29.396+00:00,gpu1,UP,0
2026-03-30T19:23:29.496+00:00,gpu1,UP,0
2026-03-30T19:23:29.596+00:00,gpu1,UP,0
2026-03-30T19:23:29.697+00:00,gpu1,UP,0
2026-03-30T19:23:29.797+00:00,gpu1,UP,0
2026-03-30T19:23:29.897+00:00,gpu1,UP,0
2026-03-30T19:23:29.997+00:00,gpu1,UP,0
2026-03-30T19:23:30.097+00:00,gpu1,UP,0
2026-03-30T19:23:30.197+00:00,gpu1,UP,0
2026-03-30T19:23:30.298+00:00,gpu1,UP,0
2026-03-30T19:23:30.398+00:00,gpu1,UP,0
2026-03-30T19:23:30.498+00:00,gpu1,UP,0
2026-03-30T19:23:30.598+00:00,gpu1,UP,0
2026-03-30T19:23:30.698+00:00,gpu1,UP,0
2026-03-30T19:23:30.798+00:00,gpu1,UP,0
2026-03-30T19:23:30.898+00:00,gpu1,UP,0
2026-03-30T19:23:30.998+00:00,gpu1,UP,0
2026-03-30T19:23:31.099+00:00,gpu1,UP,0
2026-03-30T19:23:31.199+00:00,gpu1,UP,0
2026-03-30T19:23:31.299+00:00,gpu1,UP,0
2026-03-30T19:23:31.399+00:00,gpu1,UP,0
2026-03-30T19:23:31.499+00:00,gpu1,UP,0
2026-03-30T19:23:31.599+00:00,gpu1,UP,0
2026-03-30T19:23:31.699+00:00,gpu1,UP,0
2026-03-30T19:23:31.800+00:00,gpu1,UP,0
2026-03-30T19:23:31.900+00:00,gpu1,UP,0
2026-03-30T19:23:32.000+00:00,gpu1,UP,0
2026-03-30T19:23:32.100+00:00,gpu1,UP,0
2026-03-30T19:23:32.200+00:00,gpu1,UP,0
2026-03-30T19:23:32.300+00:00,gpu1,UP,0
2026-03-30T19:23:32.401+00:00,gpu1,UP,0
2026-03-30T19:23:32.501+00:00,gpu1,UP,0
2026-03-30T19:23:32.601+00:00,gpu1,UP,0
2026-03-30T19:23:32.701+00:00,gpu1,UP,0
2026-03-30T19:23:32.801+00:00,gpu1,UP,0
2026-03-30T19:23:32.901+00:00,gpu1,UP,0
2026-03-30T19:23:33.001+00:00,gpu1,UP,0
2026-03-30T19:23:33.101+00:00,gpu1,UP,0
2026-03-30T19:23:33.202+00:00,gpu1,UP,0
2026-03-30T19:23:33.302+00:00,gpu1,UP,0
2026-03-30T19:23:33.402+00:00,gpu1,UP,0
2026-03-30T19:23:33.502+00:00,gpu1,UP,0
2026-03-30T19:23:33.602+00:00,gpu1,UP,0
2026-03-30T19:23:33.702+00:00,gpu1,UP,0
2026-03-30T19:23:33.802+00:00,gpu1,UP,0
2026-03-30T19:23:33.903+00:00,gpu1,UP,0
2026-03-30T19:23:34.003+00:00,gpu1,UP,0
2026-03-30T19:23:34.103+00:00,gpu1,UP,0
2026-03-30T19:23:34.203+00:00,gpu1,UP,0
2026-03-30T19:23:34.303+00:00,gpu1,UP,0
2026-03-30T19:23:34.403+00:00,gpu1,UP,0
2026-03-30T19:23:34.503+00:00,gpu1,UP,0
2026-03-30T19:23:34.604+00:00,gpu1,UP,0
2026-03-30T19:23:34.704+00:00,gpu1,UP,0
2026-03-30T19:23:34.804+00:00,gpu1,UP,0
2026-03-30T19:23:34.904+00:00,gpu1,UP,0
2026-03-30T19:23:35.004+00:00,gpu1,UP,0
2026-03-30T19:23:35.104+00:00,gpu1,UP,0
2026-03-30T19:23:35.204+00:00,gpu1,UP,0
2026-03-30T19:23:35.305+00:00,gpu1,UP,0
2026-03-30T19:23:35.405+00:00,gpu1,UP,0
2026-03-30T19:23:35.505+00:00,gpu1,UP,0
2026-03-30T19:23:35.605+00:00,gpu1,UP,0
2026-03-30T19:23:35.705+00:00,gpu1,UP,0
2026-03-30T19:23:35.805+00:00,gpu1,UP,0
2026-03-30T19:23:35.905+00:00,gpu1,UP,0
2026-03-30T19:23:36.006+00:00,gpu1,UP,0
2026-03-30T19:23:36.106+00:00,gpu1,UP,0
2026-03-30T19:23:36.206+00:00,gpu1,UP,0
2026-03-30T19:23:36.306+00:00,gpu1,UP,0
2026-03-30T19:23:36.406+00:00,gpu1,UP,0
2026-03-30T19:23:36.506+00:00,gpu1,UP,0
2026-03-30T19:23:36.606+00:00,gpu1,UP,0
2026-03-30T19:23:36.707+00:00,gpu1,UP,0
2026-03-30T19:23:36.807+00:00,gpu1,UP,0
2026-03-30T19:23:36.907+00:00,gpu1,UP,0
2026-03-30T19:23:37.007+00:00,gpu1,UP,0
2026-03-30T19:23:37.107+00:00,gpu1,UP,0
2026-03-30T19:23:37.207+00:00,gpu1,UP,0
2026-03-30T19:23:37.307+00:00,gpu1,UP,0
2026-03-30T19:23:37.408+00:00,gpu1,UP,0
2026-03-30T19:23:37.508+00:00,gpu1,UP,0
2026-03-30T19:23:37.608+00:00,gpu1,UP,0
2026-03-30T19:23:37.708+00:00,gpu1,UP,0
2026-03-30T19:23:37.808+00:00,gpu1,UP,0
2026-03-30T19:23:37.908+00:00,gpu1,UP,0
2026-03-30T19:23:38.008+00:00,gpu1,UP,0
2026-03-30T19:23:38.109+00:00,gpu1,UP,0
2026-03-30T19:23:38.209+00:00,gpu1,UP,0
2026-03-30T19:23:38.309+00:00,gpu1,UP,0
2026-03-30T19:23:38.409+00:00,gpu1,UP,0
2026-03-30T19:23:38.509+00:00,gpu1,UP,0
2026-03-30T19:23:38.609+00:00,gpu1,UP,0
2026-03-30T19:23:38.709+00:00,gpu1,UP,0
2026-03-30T19:23:38.810+00:00,gpu1,UP,0
2026-03-30T19:23:38.910+00:00,gpu1,UP,0
2026-03-30T19:23:39.010+00:00,gpu1,UP,0
2026-03-30T19:23:39.110+00:00,gpu1,UP,0
2026-03-30T19:23:39.210+00:00,gpu1,UP,0
2026-03-30T19:23:39.310+00:00,gpu1,UP,0
2026-03-30T19:23:39.410+00:00,gpu1,UP,0
2026-03-30T19:23:39.511+00:00,gpu1,UP,0
2026-03-30T19:23:39.611+00:00,gpu1,UP,0
2026-03-30T19:23:39.711+00:00,gpu1,UP,0
2026-03-30T19:23:39.811+00:00,gpu1,UP,0
2026-03-30T19:23:39.911+00:00,gpu1,UP,0
2026-03-30T19:23:40.011+00:00,gpu1,UP,0
2026-03-30T19:23:40.111+00:00,gpu1,UP,0
2026-03-30T19:23:40.212+00:00,gpu1,UP,0
2026-03-30T19:23:40.312+00:00,gpu1,UP,0
2026-03-30T19:23:40.412+00:00,gpu1,UP,0
2026-03-30T19:23:40.512+00:00,gpu1,UP,0
2026-03-30T19:23:40.612+00:00,gpu1,UP,0
2026-03-30T19:23:40.712+00:00,gpu1,UP,0
2026-03-30T19:23:40.812+00:00,gpu1,UP,0
2026-03-30T19:23:40.913+00:00,gpu1,UP,0
2026-03-30T19:23:41.013+00:00,gpu1,UP,0
2026-03-30T19:23:41.113+00:00,gpu1,UP,0
2026-03-30T19:23:41.213+00:00,gpu1,UP,0
2026-03-30T19:23:41.313+00:00,gpu1,UP,0
2026-03-30T19:23:41.413+00:00,gpu1,UP,0
2026-03-30T19:23:41.513+00:00,gpu1,UP,0
2026-03-30T19:23:41.614+00:00,gpu1,UP,0
2026-03-30T19:23:41.714+00:00,gpu1,UP,0
2026-03-30T19:23:41.814+00:00,gpu1,UP,0
2026-03-30T19:23:41.914+00:00,gpu1,UP,0
2026-03-30T19:23:42.014+00:00,gpu1,UP,0
2026-03-30T19:23:42.114+00:00,gpu1,UP,0
2026-03-30T19:23:42.214+00:00,gpu1,UP,0
2026-03-30T19:23:42.315+00:00,gpu1,UP,0
2026-03-30T19:23:42.415+00:00,gpu1,UP,0
2026-03-30T19:23:42.515+00:00,gpu1,UP,0
2026-03-30T19:23:42.615+00:00,gpu1,UP,0
2026-03-30T19:23:42.715+00:00,gpu1,UP,0
2026-03-30T19:23:42.815+00:00,gpu1,UP,0
2026-03-30T19:23:42.916+00:00,gpu1,UP,0
2026-03-30T19:23:43.016+00:00,gpu1,UP,0
2026-03-30T19:23:43.116+00:00,gpu1,UP,0
2026-03-30T19:23:43.216+00:00,gpu1,UP,0
2026-03-30T19:23:43.316+00:00,gpu1,UP,0
2026-03-30T19:23:43.416+00:00,gpu1,UP,0
2026-03-30T19:23:43.516+00:00,gpu1,UP,0
2026-03-30T19:23:43.617+00:00,gpu1,UP,0
2026-03-30T19:23:43.717+00:00,gpu1,UP,0
2026-03-30T19:23:43.817+00:00,gpu1,UP,0
2026-03-30T19:23:43.917+00:00,gpu1,UP,0
2026-03-30T19:23:44.017+00:00,gpu1,UP,0
2026-03-30T19:23:44.117+00:00,gpu1,UP,0
2026-03-30T19:23:44.217+00:00,gpu1,UP,0
2026-03-30T19:23:44.317+00:00,gpu1,UP,0
2026-03-30T19:23:44.418+00:00,gpu1,UP,0
2026-03-30T19:23:44.518+00:00,gpu1,UP,0
2026-03-30T19:23:44.618+00:00,gpu1,UP,0
2026-03-30T19:23:44.718+00:00,gpu1,UP,0
2026-03-30T19:23:44.818+00:00,gpu1,UP,0
2026-03-30T19:23:44.918+00:00,gpu1,UP,0
2026-03-30T19:23:45.018+00:00,gpu1,UP,0
2026-03-30T19:23:45.119+00:00,gpu1,UP,0
2026-03-30T19:23:45.219+00:00,gpu1,UP,0
2026-03-30T19:23:45.319+00:00,gpu1,UP,0
2026-03-30T19:23:45.419+00:00,gpu1,UP,0
2026-03-30T19:23:45.519+00:00,gpu1,UP,0
2026-03-30T19:23:45.619+00:00,gpu1,UP,0
2026-03-30T19:23:45.719+00:00,gpu1,UP,0
2026-03-30T19:23:45.820+00:00,gpu1,UP,0
2026-03-30T19:23:45.920+00:00,gpu1,UP,0
2026-03-30T19:23:46.020+00:00,gpu1,UP,0
2026-03-30T19:23:46.120+00:00,gpu1,UP,0
2026-03-30T19:23:46.220+00:00,gpu1,UP,0
2026-03-30T19:23:46.320+00:00,gpu1,UP,0
2026-03-30T19:23:46.420+00:00,gpu1,UP,0
2026-03-30T19:23:46.521+00:00,gpu1,UP,0
2026-03-30T19:23:46.621+00:00,gpu1,UP,0
2026-03-30T19:23:46.721+00:00,gpu1,UP,0
2026-03-30T19:23:46.821+00:00,gpu1,UP,0
2026-03-30T19:23:46.921+00:00,gpu1,UP,0
2026-03-30T19:23:47.021+00:00,gpu1,UP,0
2026-03-30T19:23:47.121+00:00,gpu1,UP,0
2026-03-30T19:23:47.222+00:00,gpu1,UP,0
2026-03-30T19:23:47.322+00:00,gpu1,UP,0
2026-03-30T19:23:47.422+00:00,gpu1,UP,0
2026-03-30T19:23:47.522+00:00,gpu1,UP,0
2026-03-30T19:23:47.622+00:00,gpu1,UP,0
2026-03-30T19:23:47.722+00:00,gpu1,UP,0
2026-03-30T19:23:47.822+00:00,gpu1,UP,0
2026-03-30T19:23:47.923+00:00,gpu1,UP,0
2026-03-30T19:23:48.023+00:00,gpu1,UP,0
2026-03-30T19:23:48.123+00:00,gpu1,UP,0
2026-03-30T19:23:48.223+00:00,gpu1,UP,0
2026-03-30T19:23:48.323+00:00,gpu1,UP,0
2026-03-30T19:23:48.423+00:00,gpu1,UP,0
2026-03-30T19:23:48.523+00:00,gpu1,UP,0
2026-03-30T19:23:48.624+00:00,gpu1,UP,0
2026-03-30T19:23:48.724+00:00,gpu1,UP,0
2026-03-30T19:23:48.824+00:00,gpu1,UP,0
2026-03-30T19:23:48.924+00:00,gpu1,UP,0
2026-03-30T19:23:49.024+00:00,gpu1,UP,0
2026-03-30T19:23:49.124+00:00,gpu1,UP,0
2026-03-30T19:23:49.224+00:00,gpu1,UP,0
2026-03-30T19:23:49.325+00:00,gpu1,UP,0
2026-03-30T19:23:49.425+00:00,gpu1,UP,0
2026-03-30T19:23:49.525+00:00,gpu1,UP,0
2026-03-30T19:23:49.625+00:00,gpu1,UP,0
2026-03-30T19:23:49.725+00:00,gpu1,UP,0
2026-03-30T19:23:49.825+00:00,gpu1,UP,0
2026-03-30T19:23:49.925+00:00,gpu1,UP,0
2026-03-30T19:23:50.025+00:00,gpu1,UP,0
2026-03-30T19:23:50.126+00:00,gpu1,UP,0
2026-03-30T19:23:50.226+00:00,gpu1,UP,0
2026-03-30T19:23:50.326+00:00,gpu1,UP,0
2026-03-30T19:23:50.426+00:00,gpu1,UP,0
2026-03-30T19:23:50.526+00:00,gpu1,UP,0
2026-03-30T19:23:50.626+00:00,gpu1,UP,0
2026-03-30T19:23:50.726+00:00,gpu1,UP,0
2026-03-30T19:23:50.827+00:00,gpu1,UP,0
2026-03-30T19:23:50.927+00:00,gpu1,UP,0
2026-03-30T19:23:51.027+00:00,gpu1,UP,0
2026-03-30T19:23:51.127+00:00,gpu1,UP,0
2026-03-30T19:23:51.227+00:00,gpu1,UP,0
2026-03-30T19:23:51.327+00:00,gpu1,UP,0
2026-03-30T19:23:51.427+00:00,gpu1,UP,0
2026-03-30T19:23:51.528+00:00,gpu1,UP,0
2026-03-30T19:23:51.628+00:00,gpu1,UP,0
2026-03-30T19:23:51.728+00:00,gpu1,UP,0
2026-03-30T19:23:51.828+00:00,gpu1,UP,0
2026-03-30T19:23:51.928+00:00,gpu1,UP,0
2026-03-30T19:23:52.028+00:00,gpu1,UP,0
2026-03-30T19:23:52.128+00:00,gpu1,UP,0
2026-03-30T19:23:52.229+00:00,gpu1,UP,0
2026-03-30T19:23:52.329+00:00,gpu1,UP,0
2026-03-30T19:23:52.429+00:00,gpu1,UP,0
2026-03-30T19:23:52.529+00:00,gpu1,UP,0
2026-03-30T19:23:52.629+00:00,gpu1,UP,0
2026-03-30T19:23:52.729+00:00,gpu1,UP,0
2026-03-30T19:23:52.829+00:00,gpu1,UP,0
2026-03-30T19:23:52.930+00:00,gpu1,UP,0
2026-03-30T19:23:53.030+00:00,gpu1,UP,0
2026-03-30T19:23:53.130+00:00,gpu1,UP,0
2026-03-30T19:23:53.230+00:00,gpu1,UP,0
2026-03-30T19:23:53.330+00:00,gpu1,UP,0
2026-03-30T19:23:53.430+00:00,gpu1,UP,0
2026-03-30T19:23:53.530+00:00,gpu1,UP,0
2026-03-30T19:23:53.631+00:00,gpu1,UP,0
2026-03-30T19:23:53.731+00:00,gpu1,UP,0
2026-03-30T19:23:53.831+00:00,gpu1,UP,0
2026-03-30T19:23:53.931+00:00,gpu1,UP,0
2026-03-30T19:23:54.031+00:00,gpu1,UP,0
2026-03-30T19:23:54.131+00:00,gpu1,UP,0
2026-03-30T19:23:54.231+00:00,gpu1,UP,0
2026-03-30T19:23:54.332+00:00,gpu1,UP,0
2026-03-30T19:23:54.432+00:00,gpu1,UP,0
2026-03-30T19:23:54.532+00:00,gpu1,UP,0
2026-03-30T19:23:54.632+00:00,gpu1,UP,0
2026-03-30T19:23:54.732+00:00,gpu1,UP,0
2026-03-30T19:23:54.832+00:00,gpu1,UP,0
2026-03-30T19:23:54.932+00:00,gpu1,UP,0
2026-03-30T19:23:55.033+00:00,gpu1,UP,0
2026-03-30T19:23:55.133+00:00,gpu1,UP,0
2026-03-30T19:23:55.233+00:00,gpu1,UP,0
2026-03-30T19:23:55.333+00:00,gpu1,UP,0
2026-03-30T19:23:55.433+00:00,gpu1,UP,0
2026-03-30T19:23:55.533+00:00,gpu1,UP,0
2026-03-30T19:23:55.633+00:00,gpu1,UP,0
2026-03-30T19:23:55.734+00:00,gpu1,UP,0
2026-03-30T19:23:55.834+00:00,gpu1,UP,0
2026-03-30T19:23:55.934+00:00,gpu1,UP,0
2026-03-30T19:23:56.034+00:00,gpu1,UP,0
2026-03-30T19:23:56.134+00:00,gpu1,UP,0
2026-03-30T19:23:56.234+00:00,gpu1,UP,0
2026-03-30T19:23:56.334+00:00,gpu1,UP,0
2026-03-30T19:23:56.434+00:00,gpu1,UP,0
2026-03-30T19:23:56.535+00:00,gpu1,UP,0
2026-03-30T19:23:56.635+00:00,gpu1,UP,0
2026-03-30T19:23:56.735+00:00,gpu1,UP,0
2026-03-30T19:23:56.835+00:00,gpu1,UP,0
2026-03-30T19:23:56.935+00:00,gpu1,UP,0
2026-03-30T19:23:57.035+00:00,gpu1,UP,0
2026-03-30T19:23:57.135+00:00,gpu1,UP,0
2026-03-30T19:23:57.236+00:00,gpu1,UP,0
2026-03-30T19:23:57.336+00:00,gpu1,UP,0
2026-03-30T19:23:57.436+00:00,gpu1,UP,0
2026-03-30T19:23:57.536+00:00,gpu1,UP,0
2026-03-30T19:23:57.636+00:00,gpu1,UP,0
2026-03-30T19:23:57.736+00:00,gpu1,UP,0
2026-03-30T19:23:57.836+00:00,gpu1,UP,0
2026-03-30T19:23:57.937+00:00,gpu1,UP,0
2026-03-30T19:23:58.037+00:00,gpu1,UP,0
2026-03-30T19:23:58.137+00:00,gpu1,UP,0
2026-03-30T19:23:58.237+00:00,gpu1,UP,0
2026-03-30T19:23:58.337+00:00,gpu1,UP,0
2026-03-30T19:23:58.437+00:00,gpu1,UP,0
2026-03-30T19:23:58.537+00:00,gpu1,UP,0
2026-03-30T19:23:58.638+00:00,gpu1,UP,0
2026-03-30T19:23:58.738+00:00,gpu1,UP,0
2026-03-30T19:23:58.838+00:00,gpu1,UP,0
2026-03-30T19:23:58.938+00:00,gpu1,UP,0
2026-03-30T19:23:59.038+00:00,gpu1,UP,0
2026-03-30T19:23:59.139+00:00,gpu1,UP,0
2026-03-30T19:23:59.239+00:00,gpu1,UP,0
2026-03-30T19:23:59.339+00:00,gpu1,UP,0
2026-03-30T19:23:59.439+00:00,gpu1,UP,0
2026-03-30T19:23:59.539+00:00,gpu1,UP,0
2026-03-30T19:23:59.639+00:00,gpu1,UP,0
2026-03-30T19:23:59.739+00:00,gpu1,UP,0
2026-03-30T19:23:59.840+00:00,gpu1,UP,0
2026-03-30T19:23:59.940+00:00,gpu1,UP,0
2026-03-30T19:24:00.040+00:00,gpu1,UP,0
2026-03-30T19:24:00.140+00:00,gpu1,UP,0
2026-03-30T19:24:00.240+00:00,gpu1,UP,0
2026-03-30T19:24:00.340+00:00,gpu1,UP,0
2026-03-30T19:24:00.440+00:00,gpu1,UP,0
2026-03-30T19:24:00.541+00:00,gpu1,UP,0
2026-03-30T19:24:00.641+00:00,gpu1,UP,0
2026-03-30T19:24:00.741+00:00,gpu1,UP,0
2026-03-30T19:24:00.841+00:00,gpu1,UP,0
2026-03-30T19:24:00.941+00:00,gpu1,UP,0
2026-03-30T19:24:01.041+00:00,gpu1,UP,0
2026-03-30T19:24:01.141+00:00,gpu1,UP,0
2026-03-30T19:24:01.242+00:00,gpu1,UP,0
2026-03-30T19:24:01.342+00:00,gpu1,UP,0
2026-03-30T19:24:01.442+00:00,gpu1,UP,0
2026-03-30T19:24:01.542+00:00,gpu1,UP,0
2026-03-30T19:24:01.642+00:00,gpu1,UP,0
2026-03-30T19:24:01.742+00:00,gpu1,UP,0
2026-03-30T19:24:01.842+00:00,gpu1,UP,0
2026-03-30T19:24:01.943+00:00,gpu1,UP,0
2026-03-30T19:24:02.043+00:00,gpu1,UP,0
2026-03-30T19:24:02.143+00:00,gpu1,UP,0
2026-03-30T19:24:02.243+00:00,gpu1,UP,0
2026-03-30T19:24:02.343+00:00,gpu1,UP,0
2026-03-30T19:24:02.443+00:00,gpu1,UP,0
2026-03-30T19:24:02.543+00:00,gpu1,UP,0
2026-03-30T19:24:02.644+00:00,gpu1,UP,0
2026-03-30T19:24:02.744+00:00,gpu1,UP,0
2026-03-30T19:24:02.844+00:00,gpu1,UP,0
2026-03-30T19:24:02.944+00:00,gpu1,UP,0
2026-03-30T19:24:03.044+00:00,gpu1,UP,0
2026-03-30T19:24:03.144+00:00,gpu1,UP,0
2026-03-30T19:24:03.244+00:00,gpu1,UP,0
2026-03-30T19:24:03.345+00:00,gpu1,UP,0
2026-03-30T19:24:03.445+00:00,gpu1,UP,0
2026-03-30T19:24:03.545+00:00,gpu1,UP,0
2026-03-30T19:24:03.645+00:00,gpu1,UP,0
2026-03-30T19:24:03.745+00:00,gpu1,UP,0
2026-03-30T19:24:03.845+00:00,gpu1,UP,0
2026-03-30T19:24:03.945+00:00,gpu1,UP,0
2026-03-30T19:24:04.045+00:00,gpu1,UP,0
2026-03-30T19:24:04.146+00:00,gpu1,UP,0
2026-03-30T19:24:04.246+00:00,gpu1,UP,0
2026-03-30T19:24:04.346+00:00,gpu1,UP,0
2026-03-30T19:24:04.446+00:00,gpu1,UP,0
2026-03-30T19:24:04.546+00:00,gpu1,UP,0
2026-03-30T19:24:04.646+00:00,gpu1,UP,0
2026-03-30T19:24:04.746+00:00,gpu1,UP,0
